region_id,year,month,temperature_c,rainfall_mm,humidity_pct,soil_moisture,soil_ph,vegetation_index,disease_cases,pest_reports,region_name,irrigation_capacity,vulnerability_index,climate_band,risk_label,future_loss_index,response_action_code,drought_index,heat_stress,disease_pressure,water_balance,season_sin,season_cos
R01,2019,1,22.9,36.7,77.5,0.5474,7.49,0.6286,57.6,20.3,Delta,0.6734,0.352,arid,LOW,0.0153,0,0.6808695652173913,0.0,0.5008695652173913,0.5509595652173913,0.0,1.0
R01,2019,2,27.3,15.7,54.3,0.2839,7.55,0.6981,68.6,13.5,Delta,0.6734,0.352,arid,LOW,0.0786,0,0.8634782608695653,0.02500000000000006,0.5965217391304347,0.37864326086956523,0.49999999999999994,0.8660254037844387
R01,2019,3,26.7,30.3,59.8,0.3916,6.41,0.6832,33.1,37.9,Delta,0.6734,0.352,arid,LOW,0.1579,0,0.7365217391304348,0.0,0.28782608695652173,0.45692173913043477,0.8660254037844386,0.5000000000000001
R01,2019,4,24.4,38.2,57.8,0.235,7.17,0.5542,76.5,15.6,Delta,0.6734,0.352,arid,LOW,0.0975,0,0.6678260869565218,0.0,0.6652173913043479,0.38109608695652175,1.0,6.123233995736766e-17
R01,2019,5,26.5,34.6,44.7,0.2562,6.67,0.4075,57.5,28.2,Delta,0.6734,0.352,arid,LOW,0.3331,0,0.6991304347826086,0.0,0.5,0.3880604347826087,0.8660254037844387,-0.4999999999999998
R01,2019,6,21.9,20.5,23.1,0.3255,6.17,0.2079,56.3,17.2,Delta,0.6734,0.352,arid,LOW,0.3308,0,0.8217391304347826,0.0,0.4895652173913043,0.4077841304347826,0.49999999999999994,-0.8660254037844387
R01,2019,7,24.6,16.9,28.2,0.3005,6.92,0.398,58.9,7.2,Delta,0.6734,0.352,arid,MEDIUM,0.3474,1,0.8530434782608696,0.0,0.5121739130434783,0.3893384782608696,1.2246467991473532e-16,-1.0
R01,2019,8,17.5,43.3,31.1,0.3489,6.44,0.4488,37.5,11.9,Delta,0.6734,0.352,arid,LOW,0.1196,0,0.6234782608695653,0.0,0.32608695652173914,0.4503932608695652,-0.4999999999999997,-0.8660254037844388
R01,2019,9,16.4,29.7,45.3,0.3945,6.36,0.3938,30.9,10.0,Delta,0.6734,0.352,arid,LOW,0.1578,0,0.7417391304347827,0.0,0.26869565217391306,0.4577341304347826,-0.8660254037844385,-0.5000000000000004
R01,2019,10,18.1,51.2,54.3,0.7425,5.73,0.55,38.1,16.3,Delta,0.6734,0.352,arid,LOW,0.1766,0,0.5547826086956522,0.0,0.331304347826087,0.6771776086956522,-1.0,-1.8369701987210297e-16
R01,2019,11,24.1,46.2,54.9,0.3717,6.55,0.5316,26.8,26.4,Delta,0.6734,0.352,arid,LOW,0.0327,0,0.5982608695652174,0.0,0.23304347826086957,0.4667158695652174,-0.8660254037844386,0.5000000000000001
R01,2019,12,17.1,64.2,78.6,0.3498,6.79,0.5919,35.4,22.3,Delta,0.6734,0.352,arid,LOW,0.029,0,0.44173913043478263,0.0,0.30782608695652175,0.47814913043478263,-0.5000000000000004,0.8660254037844384
R01,2020,1,21.7,39.7,61.8,0.3213,7.02,0.7935,53.1,29.8,Delta,0.6734,0.352,arid,LOW,0.029,0,0.6547826086956521,0.0,0.4617391304347826,0.43051760869565225,0.0,1.0
R01,2020,2,26.5,56.1,72.8,0.6788,6.78,0.6345,31.2,35.1,Delta,0.6734,0.352,arid,LOW,0.053,0,0.5121739130434783,0.0,0.271304347826087,0.6485339130434782,0.49999999999999994,0.8660254037844387
R01,2020,3,24.3,38.5,61.2,0.5594,7.44,0.6884,54.8,36.7,Delta,0.6734,0.352,arid,LOW,0.2008,0,0.6652173913043478,0.0,0.4765217391304348,0.559907391304348,0.8660254037844386,0.5000000000000001
R01,2020,4,27.7,38.1,52.2,0.187,6.7,0.544,55.8,23.6,Delta,0.6734,0.352,arid,LOW,0.1127,0,0.668695652173913,0.05833333333333327,0.4852173913043478,0.35456565217391306,1.0,6.123233995736766e-17
R01,2020,5,28.4,18.7,42.9,0.05,6.83,0.6523,86.2,17.8,Delta,0.6734,0.352,arid,LOW,0.2123,0,0.837391304347826,0.11666666666666654,0.7495652173913043,0.2539113043478261,0.8660254037844387,-0.4999999999999998
R01,2020,6,26.4,0.0,29.5,0.2768,7.34,0.3884,68.6,16.3,Delta,0.6734,0.352,arid,MEDIUM,0.3491,1,1.0,0.0,0.5965217391304347,0.35426,0.49999999999999994,-0.8660254037844387
R01,2020,7,20.6,8.1,27.2,0.218,6.79,0.2684,48.7,13.6,Delta,0.6734,0.352,arid,MEDIUM,0.5696,1,0.9295652173913044,0.0,0.42347826086956525,0.3324852173913043,1.2246467991473532e-16,-1.0
R01,2020,8,24.0,12.0,42.4,0.1843,7.23,0.5073,49.7,6.5,Delta,0.6734,0.352,arid,LOW,0.2405,0,0.8956521739130435,0.0,0.4321739130434783,0.3190371739130435,-0.4999999999999997,-0.8660254037844388
R01,2020,9,12.6,30.0,41.6,0.2811,7.08,0.4163,20.2,8.0,Delta,0.6734,0.352,arid,LOW,0.1702,0,0.7391304347826086,0.0,0.17565217391304347,0.3957554347826087,-0.8660254037844385,-0.5000000000000004
R01,2020,10,18.8,55.7,57.9,0.5408,6.83,0.5994,38.5,14.2,Delta,0.6734,0.352,arid,LOW,0.1759,0,0.5156521739130435,0.0,0.3347826086956522,0.5721121739130435,-1.0,-1.8369701987210297e-16
R01,2020,11,16.6,45.4,68.6,0.5831,7.31,0.6059,53.2,30.4,Delta,0.6734,0.352,arid,LOW,0.0768,0,0.6052173913043478,0.0,0.46260869565217394,0.5819423913043478,-0.8660254037844386,0.5000000000000001
R01,2020,12,18.9,35.9,56.0,0.6749,6.18,0.8458,35.4,18.1,Delta,0.6734,0.352,arid,LOW,0.1268,0,0.6878260869565218,0.0,0.30782608695652175,0.6200410869565217,-0.5000000000000004,0.8660254037844384
R01,2021,1,19.2,59.8,71.4,0.6296,6.96,0.4892,36.0,43.2,Delta,0.6734,0.352,arid,LOW,0.0992,0,0.48,0.0,0.3130434782608696,0.6263,0.0,1.0
R01,2021,2,26.6,38.6,68.9,0.4013,7.22,0.6586,67.6,31.8,Delta,0.6734,0.352,arid,LOW,0.3266,0,0.6643478260869565,0.0,0.5878260869565217,0.47308282608695656,0.49999999999999994,0.8660254037844387
R01,2021,3,28.2,30.4,64.6,0.1703,7.12,0.5206,44.9,26.9,Delta,0.6734,0.352,arid,LOW,0.0707,0,0.7356521739130435,0.09999999999999994,0.39043478260869563,0.3353371739130435,0.8660254037844386,0.5000000000000001
R01,2021,4,25.0,19.6,46.2,0.4694,6.56,0.5205,70.6,22.0,Delta,0.6734,0.352,arid,LOW,0.1736,0,0.8295652173913044,0.0,0.6139130434782608,0.48575521739130434,1.0,6.123233995736766e-17
R01,2021,5,22.7,25.0,35.3,0.3683,6.15,0.3257,73.6,38.5,Delta,0.6734,0.352,arid,LOW,0.2241,0,0.782608695652174,0.0,0.6399999999999999,0.4371936956521739,0.8660254037844387,-0.4999999999999998
R01,2021,6,24.5,22.2,37.1,0.1764,7.01,0.237,35.8,7.8,Delta,0.6734,0.352,arid,LOW,0.2656,0,0.8069565217391305,0.0,0.31130434782608696,0.32799652173913046,0.49999999999999994,-0.8660254037844387
R01,2021,7,24.0,16.2,25.8,0.05,7.01,0.2897,29.3,25.9,Delta,0.6734,0.352,arid,LOW,0.1586,0,0.8591304347826088,0.0,0.25478260869565217,0.2506504347826087,1.2246467991473532e-16,-1.0
R01,2021,8,19.3,0.0,18.2,0.2529,5.67,0.3022,52.6,10.9,Delta,0.6734,0.352,arid,LOW,0.1692,0,1.0,0.0,0.4573913043478261,0.34111500000000006,-0.4999999999999997,-0.8660254037844388
R01,2021,9,13.7,20.0,44.0,0.3991,7.07,0.3479,35.5,6.5,Delta,0.6734,0.352,arid,LOW,0.3278,0,0.8260869565217391,0.0,0.30869565217391304,0.4476119565217392,-0.8660254037844385,-0.5000000000000004
R01,2021,10,14.3,39.3,63.0,0.6989,6.26,0.4317,50.4,13.0,Delta,0.6734,0.352,arid,LOW,0.0506,0,0.6582608695652175,0.0,0.43826086956521737,0.6376758695652174,-1.0,-1.8369701987210297e-16
R01,2021,11,16.6,63.4,50.7,0.7577,6.71,0.5198,38.6,24.9,Delta,0.6734,0.352,arid,LOW,0.2968,0,0.44869565217391305,0.0,0.3356521739130435,0.7014506521739131,-0.8660254037844386,0.5000000000000001
R01,2021,12,18.9,40.7,63.9,0.5814,7.28,0.7765,47.2,22.1,Delta,0.6734,0.352,arid,LOW,0.2237,0,0.6460869565217391,0.0,0.4104347826086957,0.5748769565217392,-0.5000000000000004,0.8660254037844384
R01,2022,1,24.5,26.4,74.3,0.4752,6.58,0.659,57.7,33.3,Delta,0.6734,0.352,arid,LOW,0.2135,0,0.7704347826086957,0.0,0.5017391304347827,0.49781478260869566,0.0,1.0
R01,2022,2,25.2,36.1,52.9,0.3817,6.57,0.6304,87.7,32.7,Delta,0.6734,0.352,arid,LOW,0.0512,0,0.6860869565217391,0.0,0.7626086956521739,0.4590419565217391,0.49999999999999994,0.8660254037844387
R01,2022,3,26.5,27.1,62.3,0.5368,7.2,0.5421,77.0,25.3,Delta,0.6734,0.352,arid,LOW,0.0319,0,0.7643478260869565,0.0,0.6695652173913044,0.5326078260869566,0.8660254037844386,0.5000000000000001
R01,2022,4,27.1,49.0,47.6,0.2743,6.93,0.4415,52.4,29.2,Delta,0.6734,0.352,arid,LOW,0.2429,0,0.5739130434782609,0.008333333333333451,0.45565217391304347,0.4167980434782609,1.0,6.123233995736766e-17
R01,2022,5,23.3,20.4,42.2,0.2974,6.56,0.3281,60.1,8.6,Delta,0.6734,0.352,arid,LOW,0.3408,0,0.8226086956521739,0.0,0.5226086956521739,0.39219869565217397,0.8660254037844387,-0.4999999999999998
R01,2022,6,28.6,27.5,36.2,0.0852,7.32,0.3545,45.1,15.3,Delta,0.6734,0.352,arid,LOW,0.302,0,0.7608695652173914,0.13333333333333344,0.39217391304347826,0.2847495652173913,0.49999999999999994,-0.8660254037844387
R01,2022,7,26.4,0.0,23.6,0.4236,6.34,0.3791,34.8,24.9,Delta,0.6734,0.352,arid,LOW,0.0612,0,1.0,0.0,0.3026086956521739,0.435,1.2246467991473532e-16,-1.0
R01,2022,8,16.7,19.2,18.9,0.5871,6.07,0.1803,44.2,23.0,Delta,0.6734,0.352,arid,LOW,0.3355,0,0.8330434782608696,0.0,0.38434782608695656,0.5499684782608696,-0.4999999999999997,-0.8660254037844388
R01,2022,9,19.6,31.7,25.3,0.5544,6.19,0.4229,39.0,13.7,Delta,0.6734,0.352,arid,LOW,0.0256,0,0.7243478260869565,0.0,0.3391304347826087,0.5482878260869566,-0.8660254037844385,-0.5000000000000004
R01,2022,10,14.0,49.7,58.4,0.4297,6.73,0.4049,23.0,16.1,Delta,0.6734,0.352,arid,LOW,0.1397,0,0.5678260869565217,0.0,0.2,0.5031810869565218,-1.0,-1.8369701987210297e-16
R01,2022,11,23.7,96.0,64.1,0.5516,6.82,0.4742,42.7,9.1,Delta,0.6734,0.352,arid,LOW,0.1426,0,0.16521739130434787,0.0,0.37130434782608696,0.6306173913043479,-0.8660254037844386,0.5000000000000001
R01,2022,12,16.5,23.0,70.0,0.516,6.43,0.487,41.9,21.4,Delta,0.6734,0.352,arid,LOW,0.1047,0,0.8,0.0,0.3643478260869565,0.5158200000000001,-0.5000000000000004,0.8660254037844384
R01,2023,1,19.6,46.1,63.9,0.5225,6.66,0.61,63.7,30.6,Delta,0.6734,0.352,arid,LOW,0.2057,0,0.5991304347826087,0.0,0.5539130434782609,0.5495254347826087,0.0,1.0
R01,2023,2,24.1,61.0,68.9,0.4674,6.59,0.5643,54.3,31.8,Delta,0.6734,0.352,arid,LOW,0.0358,0,0.4695652173913043,0.0,0.4721739130434782,0.5386552173913044,0.49999999999999994,0.8660254037844387
R01,2023,3,25.9,19.5,43.3,0.4829,7.32,0.5286,62.3,4.0,Delta,0.6734,0.352,arid,MEDIUM,0.5919,1,0.8304347826086956,0.0,0.5417391304347826,0.49304978260869564,0.8660254037844386,0.5000000000000001
R01,2023,4,25.5,24.2,67.7,0.3582,6.48,0.5365,55.7,32.6,Delta,0.6734,0.352,arid,MEDIUM,0.5159,1,0.7895652173913044,0.0,0.48434782608695653,0.43059521739130435,1.0,6.123233995736766e-17
R01,2023,5,26.7,32.4,35.0,0.4147,6.85,0.2477,32.3,20.9,Delta,0.6734,0.352,arid,LOW,0.156,0,0.7182608695652174,0.0,0.28086956521739126,0.4723658695652175,0.8660254037844387,-0.4999999999999998
R01,2023,6,20.9,0.5,25.4,0.2545,7.22,0.3479,73.8,9.9,Delta,0.6734,0.352,arid,MEDIUM,0.4741,1,0.9956521739130435,0.0,0.6417391304347826,0.3426471739130435,0.49999999999999994,-0.8660254037844387
R01,2023,7,28.4,5.4,38.4,0.3463,6.25,0.2014,42.5,2.6,Delta,0.6734,0.352,arid,MEDIUM,0.3661,1,0.9530434782608695,0.11666666666666654,0.3695652173913043,0.39952847826086957,1.2246467991473532e-16,-1.0
R01,2023,8,16.8,39.0,36.5,0.3169,5.72,0.3461,61.4,11.3,Delta,0.6734,0.352,arid,LOW,0.2868,0,0.6608695652173913,0.0,0.5339130434782609,0.4271845652173914,-0.4999999999999997,-0.8660254037844388
R01,2023,9,17.2,34.4,33.5,0.5544,5.65,0.2971,35.7,23.9,Delta,0.6734,0.352,arid,LOW,0.0294,0,0.7008695652173913,0.0,0.31043478260869567,0.5518095652173913,-0.8660254037844385,-0.5000000000000004
R01,2023,10,18.3,38.2,37.7,0.3762,6.57,0.4634,46.9,9.0,Delta,0.6734,0.352,arid,LOW,0.0346,0,0.6678260869565218,0.0,0.4078260869565217,0.45875608695652176,-1.0,-1.8369701987210297e-16
R01,2023,11,13.8,54.9,75.8,0.7411,7.08,0.6245,32.8,24.0,Delta,0.6734,0.352,arid,LOW,0.1882,0,0.5226086956521739,0.0,0.2852173913043478,0.6812336956521738,-0.8660254037844386,0.5000000000000001
R01,2023,12,20.0,53.2,70.2,0.6175,6.8,0.5437,40.6,7.1,Delta,0.6734,0.352,arid,LOW,0.2381,0,0.537391304347826,0.0,0.35304347826086957,0.6110363043478262,-0.5000000000000004,0.8660254037844384
R01,2024,1,25.9,55.6,65.9,0.6761,6.04,0.7335,56.7,15.1,Delta,0.6734,0.352,arid,LOW,0.3404,0,0.5165217391304348,0.0,0.4930434782608696,0.6463967391304348,0.0,1.0
R01,2024,2,27.8,51.4,82.7,0.6423,6.71,0.6123,87.2,29.4,Delta,0.6734,0.352,arid,LOW,0.1218,0,0.5530434782608695,0.06666666666666672,0.7582608695652174,0.6223284782608696,0.49999999999999994,0.8660254037844387
R01,2024,3,26.9,16.6,46.3,0.448,5.5,0.6052,51.4,21.3,Delta,0.6734,0.352,arid,LOW,0.1127,0,0.8556521739130435,0.0,0.4469565217391304,0.4700721739130435,0.8660254037844386,0.5000000000000001
R01,2024,4,32.0,50.9,48.2,0.2864,6.57,0.5707,34.6,15.2,Delta,0.6734,0.352,arid,LOW,0.1776,0,0.557391304347826,0.4166666666666667,0.30086956521739133,0.42593130434782606,1.0,6.123233995736766e-17
R01,2024,5,25.2,39.6,28.9,0.2178,6.03,0.4109,72.7,37.9,Delta,0.6734,0.352,arid,LOW,0.0713,0,0.6556521739130434,0.0,0.6321739130434783,0.37346217391304354,0.8660254037844387,-0.4999999999999998
R01,2024,6,21.8,24.6,28.7,0.2081,6.66,0.3863,60.9,15.3,Delta,0.6734,0.352,arid,MEDIUM,0.4674,1,0.7860869565217391,0.0,0.5295652173913044,0.34856195652173916,0.49999999999999994,-0.8660254037844387
R01,2024,7,22.0,15.2,33.4,0.3515,6.06,0.3676,36.0,5.4,Delta,0.6734,0.352,arid,MEDIUM,0.3525,1,0.8678260869565217,0.0,0.3130434782608696,0.4151710869565217,1.2246467991473532e-16,-1.0
R01,2024,8,23.7,26.4,39.1,0.4548,5.73,0.3881,67.9,10.5,Delta,0.6734,0.352,arid,LOW,0.2116,0,0.7704347826086957,0.0,0.5904347826086958,0.48659478260869565,-0.4999999999999997,-0.8660254037844388
R01,2024,9,11.5,34.3,31.6,0.3298,6.41,0.3345,66.7,24.2,Delta,0.6734,0.352,arid,LOW,0.3254,0,0.7017391304347826,0.0,0.5800000000000001,0.42814913043478264,-0.8660254037844385,-0.5000000000000004
R01,2024,10,13.3,31.8,46.7,0.4797,7.52,0.3736,10.9,10.7,Delta,0.6734,0.352,arid,LOW,0.1467,0,0.7234782608695652,0.0,0.09478260869565218,0.5073332608695652,-1.0,-1.8369701987210297e-16
R01,2024,11,20.4,32.4,60.3,0.4329,5.95,0.7477,32.5,19.4,Delta,0.6734,0.352,arid,LOW,0.273,0,0.7182608695652174,0.0,0.2826086956521739,0.48237586956521744,-0.8660254037844386,0.5000000000000001
R01,2024,12,18.0,50.1,77.3,0.5445,6.59,0.5896,49.1,48.0,Delta,0.6734,0.352,arid,LOW,0.1159,0,0.5643478260869565,0.0,0.42695652173913046,0.5668428260869566,-0.5000000000000004,0.8660254037844384
R01,2025,1,23.6,72.4,68.5,0.4599,6.48,0.8958,41.3,28.8,Delta,0.6734,0.352,arid,LOW,0.3099,0,0.37043478260869556,0.0,0.3591304347826087,0.5493997826086957,0.0,1.0
R01,2025,2,22.4,41.6,69.7,0.667,6.17,0.6947,72.2,28.0,Delta,0.6734,0.352,arid,LOW,0.015,0,0.6382608695652174,0.0,0.6278260869565218,0.6231308695652175,0.49999999999999994,0.8660254037844387
R01,2025,3,26.9,18.7,60.9,0.3002,5.71,0.677,66.7,18.6,Delta,0.6734,0.352,arid,LOW,0.1414,0,0.837391304347826,0.0,0.5800000000000001,0.39152130434782617,0.8660254037844386,0.5000000000000001
R01,2025,4,27.7,62.8,68.8,0.4392,7.12,0.453,64.6,28.1,Delta,0.6734,0.352,arid,LOW,0.0884,0,0.4539130434782609,0.05833333333333327,0.5617391304347825,0.5254930434782609,1.0,6.123233995736766e-17
R01,2025,5,23.8,13.4,25.4,0.2068,6.97,0.4641,62.4,24.6,Delta,0.6734,0.352,arid,MEDIUM,0.4671,1,0.8834782608695653,0.0,0.542608695652174,0.33323826086956526,0.8660254037844387,-0.4999999999999998
R01,2025,6,22.7,19.7,44.7,0.1528,5.79,0.3815,71.2,23.5,Delta,0.6734,0.352,arid,MEDIUM,0.5243,1,0.828695652173913,0.0,0.6191304347826088,0.31175565217391304,0.49999999999999994,-0.8660254037844387
R01,2025,7,19.8,7.9,8.5,0.3563,6.0,0.4139,43.6,3.7,Delta,0.6734,0.352,arid,MEDIUM,0.3213,1,0.931304347826087,0.0,0.3791304347826087,0.408289347826087,1.2246467991473532e-16,-1.0
R01,2025,8,19.0,9.1,27.4,0.3398,6.98,0.4573,28.0,10.2,Delta,0.6734,0.352,arid,LOW,0.2123,0,0.9208695652173913,0.0,0.24347826086956523,0.4007795652173913,-0.4999999999999997,-0.8660254037844388
R01,2025,9,15.0,33.6,22.4,0.3167,5.79,0.3716,38.8,9.2,Delta,0.6734,0.352,arid,LOW,0.2601,0,0.7078260869565217,0.0,0.33739130434782605,0.42003108695652175,-0.8660254037844385,-0.5000000000000004
R01,2025,10,12.6,76.9,37.1,0.6067,6.33,0.4306,23.0,6.5,Delta,0.6734,0.352,arid,LOW,0.1497,0,0.33130434782608686,0.0,0.2,0.636009347826087,-1.0,-1.8369701987210297e-16
R01,2025,11,14.4,79.9,89.1,0.3546,7.48,0.6576,17.7,18.1,Delta,0.6734,0.352,arid,LOW,0.1697,0,0.3052173913043478,0.0,0.15391304347826087,0.5012673913043478,-0.8660254037844386,0.5000000000000001
R01,2025,12,16.0,49.5,70.7,0.6924,7.08,0.6876,28.0,16.0,Delta,0.6734,0.352,arid,LOW,0.0709,0,0.5695652173913044,0.0,0.24347826086956523,0.6474052173913044,-0.5000000000000004,0.8660254037844384
R02,2019,1,28.7,37.5,67.5,0.5439,6.67,0.6072,51.6,16.2,Nile Valley,0.4931,0.469,semi_arid,LOW,0.0112,0,0.6739130434782609,0.1416666666666666,0.44869565217391305,0.49598804347826086,0.0,1.0
R02,2019,2,28.3,51.5,63.6,0.8162,7.03,0.5835,68.7,33.9,Nile Valley,0.4931,0.469,semi_arid,LOW,0.197,0,0.5521739130434782,0.10833333333333339,0.5973913043478261,0.6640139130434783,0.49999999999999994,0.8660254037844387
R02,2019,3,27.4,14.4,57.6,0.4559,6.24,0.7255,56.8,23.4,Nile Valley,0.4931,0.469,semi_arid,LOW,0.0879,0,0.8747826086956522,0.033333333333333215,0.49391304347826087,0.4174576086956522,0.8660254037844386,0.5000000000000001
R02,2019,4,27.7,28.5,44.4,0.2207,7.0,0.6066,71.1,18.3,Nile Valley,0.4931,0.469,semi_arid,MEDIUM,0.5362,1,0.7521739130434782,0.05833333333333327,0.6182608695652173,0.30648891304347825,1.0,6.123233995736766e-17
R02,2019,5,29.2,32.9,41.6,0.273,6.8,0.4261,45.8,29.6,Nile Valley,0.4931,0.469,semi_arid,LOW,0.1977,0,0.7139130434782609,0.18333333333333326,0.3982608695652174,0.34099304347826087,0.8660254037844387,-0.4999999999999998
R02,2019,6,27.1,15.8,32.7,0.1932,6.46,0.3251,63.3,20.8,Nile Valley,0.4931,0.469,semi_arid,LOW,0.2548,0,0.8626086956521739,0.008333333333333451,0.5504347826086956,0.27479869565217396,0.49999999999999994,-0.8660254037844387
R02,2019,7,21.3,22.4,29.0,0.4043,6.7,0.2714,56.4,0.0,Nile Valley,0.4931,0.469,semi_arid,LOW,0.3076,0,0.8052173913043479,0.0,0.49043478260869566,0.3995123913043478,1.2246467991473532e-16,-1.0
R02,2019,8,27.3,48.6,36.5,0.238,7.3,0.4377,57.3,15.1,Nile Valley,0.4931,0.469,semi_arid,LOW,0.2441,0,0.577391304347826,0.02500000000000006,0.49826086956521737,0.3422213043478261,-0.4999999999999997,-0.8660254037844388
R02,2019,9,16.9,18.3,51.9,0.4672,6.62,0.4823,50.2,16.2,Nile Valley,0.4931,0.469,semi_arid,LOW,0.1978,0,0.8408695652173913,0.0,0.4365217391304348,0.4287595652173913,-0.8660254037844385,-0.5000000000000004
R02,2019,10,19.3,52.2,32.6,0.4228,6.62,0.597,37.7,13.8,Nile Valley,0.4931,0.469,semi_arid,LOW,0.1036,0,0.5460869565217391,0.0,0.32782608695652177,0.4485569565217391,-1.0,-1.8369701987210297e-16
R02,2019,11,22.0,59.1,48.9,0.6781,6.26,0.4894,48.0,17.5,Nile Valley,0.4931,0.469,semi_arid,LOW,0.2816,0,0.48608695652173917,0.0,0.41739130434782606,0.5979719565217392,-0.8660254037844386,0.5000000000000001
R02,2019,12,19.6,59.0,67.8,0.613,7.61,0.4383,63.0,11.3,Nile Valley,0.4931,0.469,semi_arid,LOW,0.0105,0,0.4869565217391304,0.0,0.5478260869565217,0.5620365217391304,-0.5000000000000004,0.8660254037844384
R02,2020,1,22.6,50.8,67.5,0.6066,6.06,0.5866,49.4,43.3,Nile Valley,0.4931,0.469,semi_arid,LOW,0.2809,0,0.5582608695652174,0.0,0.4295652173913043,0.5478208695652174,0.0,1.0
R02,2020,2,26.5,67.1,41.7,0.4563,6.54,0.5765,53.6,26.1,Nile Valley,0.4931,0.469,semi_arid,LOW,0.0253,0,0.4165217391304349,0.0,0.46608695652173915,0.48641673913043476,0.49999999999999994,0.8660254037844387
R02,2020,3,27.1,37.6,63.0,0.4009,6.48,0.4288,51.8,29.6,Nile Valley,0.4931,0.469,semi_arid,LOW,0.0984,0,0.6730434782608696,0.008333333333333451,0.4504347826086956,0.4174684782608696,0.8660254037844386,0.5000000000000001
R02,2020,4,27.4,0.0,53.3,0.3936,7.13,0.5843,51.9,22.5,Nile Valley,0.4931,0.469,semi_arid,LOW,0.314,0,1.0,0.033333333333333215,0.45130434782608697,0.36441,1.0,6.123233995736766e-17
R02,2020,5,33.0,0.0,48.6,0.05,6.9,0.4926,70.2,22.55,Nile Valley,0.4931,0.469,semi_arid,MEDIUM,0.6308,1,1.0,0.5,0.6104347826086957,0.17542999999999997,0.8660254037844387,-0.4999999999999998
R02,2020,6,25.0,14.1,22.2,0.0763,6.75,0.3585,61.8,22.6,Nile Valley,0.4931,0.469,semi_arid,MEDIUM,0.3126,1,0.8773913043478261,0.0,0.5373913043478261,0.20828630434782608,0.49999999999999994,-0.8660254037844387
R02,2020,7,22.5,37.2,35.8,0.4479,7.71,0.1836,58.3,14.2,Nile Valley,0.4931,0.469,semi_arid,LOW,0.1657,0,0.6765217391304348,0.0,0.5069565217391304,0.4427967391304348,1.2246467991473532e-16,-1.0
R02,2020,8,26.2,42.7,37.1,0.5993,6.29,0.4682,85.6,20.4,Nile Valley,0.4931,0.469,semi_arid,LOW,0.3068,0,0.6286956521739131,0.0,0.7443478260869565,0.533240652173913,-0.4999999999999997,-0.8660254037844388
R02,2020,9,24.4,41.6,48.3,0.5165,6.25,0.4743,39.9,6.1,Nile Valley,0.4931,0.469,semi_arid,LOW,0.0144,0,0.6382608695652174,0.0,0.34695652173913044,0.48626586956521733,-0.8660254037844385,-0.5000000000000004
R02,2020,10,17.6,46.0,43.0,0.4871,7.03,0.5231,35.6,27.4,Nile Valley,0.4931,0.469,semi_arid,LOW,0.2459,0,0.6,0.0,0.3095652173913044,0.47583499999999995,-1.0,-1.8369701987210297e-16
R02,2020,11,22.1,34.6,67.8,0.7168,6.79,0.5582,68.1,31.8,Nile Valley,0.4931,0.469,semi_arid,LOW,0.1603,0,0.6991304347826086,0.0,0.5921739130434782,0.5873004347826087,-0.8660254037844386,0.5000000000000001
R02,2020,12,20.4,72.6,74.8,0.7315,7.04,0.7031,61.8,14.0,Nile Valley,0.4931,0.469,semi_arid,LOW,0.3369,0,0.3686956521739131,0.0,0.5373913043478261,0.6449506521739131,-0.5000000000000004,0.8660254037844384
R02,2021,1,29.0,63.3,54.3,0.4935,6.23,0.5932,64.8,17.0,Nile Valley,0.4931,0.469,semi_arid,LOW,0.2532,0,0.4495652173913044,0.16666666666666666,0.5634782608695652,0.5019202173913043,0.0,1.0
R02,2021,2,25.8,27.4,62.1,0.4255,7.14,0.7275,40.7,29.9,Nile Valley,0.4931,0.469,semi_arid,LOW,0.1866,0,0.7617391304347826,0.0,0.3539130434782609,0.4176941304347826,0.49999999999999994,0.8660254037844387
R02,2021,3,32.4,44.6,53.0,0.3814,7.47,0.7118,72.8,34.2,Nile Valley,0.4931,0.469,semi_arid,LOW,0.1844,0,0.6121739130434782,0.4499999999999999,0.6330434782608695,0.41587391304347826,0.8660254037844386,0.5000000000000001
R02,2021,4,25.5,25.5,37.8,0.3292,6.34,0.6575,70.4,28.3,Nile Valley,0.4931,0.469,semi_arid,MEDIUM,0.5064,1,0.7782608695652173,0.0,0.6121739130434783,0.3622508695652174,1.0,6.123233995736766e-17
R02,2021,5,25.8,22.4,51.6,0.2195,6.81,0.391,42.7,19.2,Nile Valley,0.4931,0.469,semi_arid,LOW,0.0326,0,0.8052173913043479,0.0,0.37130434782608696,0.2978723913043478,0.8660254037844387,-0.4999999999999998
R02,2021,6,27.8,0.0,35.7,0.0932,6.02,0.4334,27.4,0.0,Nile Valley,0.4931,0.469,semi_arid,MEDIUM,0.4046,1,1.0,0.06666666666666672,0.2382608695652174,0.19918999999999998,0.49999999999999994,-0.8660254037844387
R02,2021,7,23.7,23.9,46.2,0.1328,8.28,0.2414,53.6,7.0,Nile Valley,0.4931,0.469,semi_arid,LOW,0.0031,0,0.7921739130434783,0.0,0.46608695652173915,0.2521439130434783,1.2246467991473532e-16,-1.0
R02,2021,8,14.8,16.1,38.6,0.1491,7.01,0.523,50.1,20.9,Nile Valley,0.4931,0.469,semi_arid,MEDIUM,0.4515,1,0.86,0.0,0.4356521739130435,0.250935,-0.4999999999999997,-0.8660254037844388
R02,2021,9,14.4,57.1,43.7,0.4078,7.04,0.2406,25.7,17.8,Nile Valley,0.4931,0.469,semi_arid,LOW,0.0224,0,0.5034782608695652,0.0,0.2234782608695652,0.4466982608695652,-0.8660254037844385,-0.5000000000000004
R02,2021,10,21.0,36.4,58.1,0.4187,6.21,0.3105,27.1,1.2,Nile Valley,0.4931,0.469,semi_arid,LOW,0.242,0,0.6834782608695653,0.0,0.2356521739130435,0.42569326086956516,-1.0,-1.8369701987210297e-16
R02,2021,11,22.4,55.8,62.3,0.5872,5.63,0.4428,44.3,16.2,Nile Valley,0.4931,0.469,semi_arid,LOW,0.037,0,0.5147826086956522,0.0,0.3852173913043478,0.5436726086956523,-0.8660254037844386,0.5000000000000001
R02,2021,12,21.8,42.0,65.8,0.5355,6.33,0.6695,43.4,39.8,Nile Valley,0.4931,0.469,semi_arid,LOW,0.2881,0,0.6347826086956522,0.0,0.3773913043478261,0.4972376086956522,-0.5000000000000004,0.8660254037844384
R02,2022,1,23.0,58.1,80.0,0.6099,7.2,0.7252,34.6,30.0,Nile Valley,0.4931,0.469,semi_arid,LOW,0.0284,0,0.49478260869565216,0.0,0.30086956521739133,0.5591576086956522,0.0,1.0
R02,2022,2,22.8,43.1,82.1,0.6369,6.75,0.6603,48.1,35.3,Nile Valley,0.4931,0.469,semi_arid,LOW,0.1693,0,0.6252173913043478,0.0,0.4182608695652174,0.5544423913043478,0.49999999999999994,0.8660254037844387
R02,2022,3,25.6,22.7,62.0,0.4614,6.82,0.5353,69.5,30.0,Nile Valley,0.4931,0.469,semi_arid,LOW,0.2803,0,0.8026086956521739,0.0,0.6043478260869565,0.4313086956521739,0.8660254037844386,0.5000000000000001
R02,2022,4,31.0,25.2,63.3,0.2601,6.34,0.5422,48.8,17.9,Nile Valley,0.4931,0.469,semi_arid,LOW,0.1461,0,0.7808695652173914,0.3333333333333333,0.4243478260869565,0.3238545652173913,1.0,6.123233995736766e-17
R02,2022,5,30.4,30.3,45.5,0.2155,6.42,0.3588,71.4,34.2,Nile Valley,0.4931,0.469,semi_arid,MEDIUM,0.6118,1,0.7365217391304348,0.2833333333333332,0.6208695652173913,0.30597673913043477,0.8660254037844387,-0.4999999999999998
R02,2022,6,33.0,11.9,12.6,0.0548,7.24,0.378,57.2,8.8,Nile Valley,0.4931,0.469,semi_arid,MEDIUM,0.5662,1,0.8965217391304348,0.5,0.49739130434782614,0.19359173913043476,0.49999999999999994,-0.8660254037844387
R02,2022,7,28.3,10.8,31.1,0.1233,7.15,0.294,47.6,32.5,Nile Valley,0.4931,0.469,semi_arid,MEDIUM,0.4682,1,0.9060869565217391,0.10833333333333339,0.41391304347826086,0.22983195652173913,1.2246467991473532e-16,-1.0
R02,2022,8,24.9,1.0,20.2,0.1312,7.26,0.3164,38.5,23.7,Nile Valley,0.4931,0.469,semi_arid,MEDIUM,0.364,1,0.991304347826087,0.0,0.3347826086956522,0.22139434782608697,-0.4999999999999997,-0.8660254037844388
R02,2022,9,14.4,23.1,44.4,0.3509,6.77,0.5393,23.9,12.7,Nile Valley,0.4931,0.469,semi_arid,LOW,0.1269,0,0.7991304347826087,0.0,0.20782608695652172,0.37105543478260866,-0.8660254037844385,-0.5000000000000004
R02,2022,10,20.1,49.1,35.9,0.5024,6.15,0.5544,46.3,19.2,Nile Valley,0.4931,0.469,semi_arid,LOW,0.3485,0,0.5730434782608695,0.0,0.4026086956521739,0.48829347826086955,-1.0,-1.8369701987210297e-16
R02,2022,11,12.2,53.1,55.3,0.515,7.69,0.5749,31.0,13.5,Nile Valley,0.4931,0.469,semi_arid,LOW,0.3148,0,0.5382608695652173,0.0,0.26956521739130435,0.5004408695652174,-0.8660254037844386,0.5000000000000001
R02,2022,12,22.4,65.5,68.7,0.3318,6.93,0.8244,64.8,33.5,Nile Valley,0.4931,0.469,semi_arid,LOW,0.1418,0,0.4304347826086956,0.0,0.5634782608695652,0.41585478260869563,-0.5000000000000004,0.8660254037844384
R02,2023,1,25.8,55.8,75.3,0.7623,7.67,0.548,80.2,41.4,Nile Valley,0.4931,0.469,semi_arid,LOW,0.1306,0,0.5147826086956522,0.0,0.6973913043478261,0.6399776086956521,0.0,1.0
R02,2023,2,23.9,42.3,69.3,0.6095,6.39,0.6523,65.0,25.5,Nile Valley,0.4931,0.469,semi_arid,LOW,0.0981,0,0.6321739130434783,0.0,0.5652173913043478,0.5383289130434783,0.49999999999999994,0.8660254037844387
R02,2023,3,30.3,29.1,65.2,0.2472,6.43,0.5074,85.3,32.6,Nile Valley,0.4931,0.469,semi_arid,MEDIUM,0.4873,1,0.7469565217391304,0.2750000000000001,0.7417391304347826,0.3218465217391304,0.8660254037844386,0.5000000000000001
R02,2023,4,27.7,23.2,58.3,0.4078,7.15,0.5277,48.3,15.7,Nile Valley,0.4931,0.469,semi_arid,MEDIUM,0.5163,1,0.7982608695652174,0.05833333333333327,0.42,0.4024808695652174,1.0,6.123233995736766e-17
R02,2023,5,21.9,0.0,25.2,0.0647,6.59,0.3504,64.9,18.6,Nile Valley,0.4931,0.469,semi_arid,MEDIUM,0.6159,1,1.0,0.0,0.5643478260869565,0.18351499999999998,0.8660254037844387,-0.4999999999999998
R02,2023,6,19.0,4.8,40.2,0.3044,7.34,0.4757,49.6,24.6,Nile Valley,0.4931,0.469,semi_arid,LOW,0.0268,0,0.9582608695652174,0.0,0.43130434782608695,0.3216108695652174,0.49999999999999994,-0.8660254037844387
R02,2023,7,22.6,20.6,40.9,0.1362,5.5,0.1733,53.9,23.7,Nile Valley,0.4931,0.469,semi_arid,MEDIUM,0.668,1,0.8208695652173913,0.0,0.468695652173913,0.2497095652173913,1.2246467991473532e-16,-1.0
R02,2023,8,25.0,24.0,46.2,0.4706,6.55,0.295,8.0,14.0,Nile Valley,0.4931,0.469,semi_arid,MEDIUM,0.5752,1,0.7913043478260869,0.0,0.06956521739130435,0.43806434782608694,-0.4999999999999997,-0.8660254037844388
R02,2023,9,19.4,22.4,34.1,0.5971,7.38,0.4274,45.4,0.9,Nile Valley,0.4931,0.469,semi_arid,LOW,0.1924,0,0.8052173913043479,0.0,0.3947826086956522,0.5055523913043478,-0.8660254037844385,-0.5000000000000004
R02,2023,10,14.1,31.7,46.4,0.4648,6.68,0.5227,27.2,9.3,Nile Valley,0.4931,0.469,semi_arid,LOW,0.2468,0,0.7243478260869565,0.0,0.23652173913043478,0.4449178260869565,-1.0,-1.8369701987210297e-16
R02,2023,11,21.6,78.1,46.2,0.7652,6.96,0.6476,42.8,33.0,Nile Valley,0.4931,0.469,semi_arid,LOW,0.1131,0,0.3208695652173914,0.0,0.37217391304347824,0.6706595652173913,-0.8660254037844386,0.5000000000000001
R02,2023,12,22.2,39.4,72.1,0.7403,6.17,0.7054,80.3,17.5,Nile Valley,0.4931,0.469,semi_arid,MEDIUM,0.6725,1,0.6573913043478261,0.0,0.6982608695652174,0.6064863043478261,-0.5000000000000004,0.8660254037844384
R02,2024,1,23.1,24.9,79.3,0.5379,5.5,0.4372,65.4,31.4,Nile Valley,0.4931,0.469,semi_arid,MEDIUM,0.3449,1,0.7834782608695652,0.0,0.568695652173913,0.47625326086956526,0.0,1.0
R02,2024,2,24.2,37.0,56.6,0.3778,7.02,0.6413,68.8,31.2,Nile Valley,0.4931,0.469,semi_arid,MEDIUM,0.5117,1,0.6782608695652175,0.0,0.5982608695652174,0.4039808695652174,0.49999999999999994,0.8660254037844387
R02,2024,3,25.9,41.4,58.1,0.4221,7.73,0.4481,69.6,40.4,Nile Valley,0.4931,0.469,semi_arid,LOW,0.3355,0,0.64,0.0,0.6052173913043478,0.434085,0.8660254037844386,0.5000000000000001
R02,2024,4,29.5,30.4,63.2,0.2967,6.9,0.4264,79.5,15.5,Nile Valley,0.4931,0.469,semi_arid,MEDIUM,0.5058,1,0.7356521739130435,0.20833333333333334,0.691304347826087,0.3507671739130435,1.0,6.123233995736766e-17
R02,2024,5,26.8,0.0,50.7,0.2302,5.95,0.566,69.4,27.1,Nile Valley,0.4931,0.469,semi_arid,MEDIUM,0.471,1,1.0,0.0,0.6034782608695652,0.27454,0.8660254037844387,-0.4999999999999998
R02,2024,6,25.0,31.7,36.5,0.1182,7.77,0.3668,54.7,25.1,Nile Valley,0.4931,0.469,semi_arid,MEDIUM,0.3691,1,0.7243478260869565,0.0,0.4756521739130435,0.2542878260869565,0.49999999999999994,-0.8660254037844387
R02,2024,7,23.1,22.9,35.4,0.3502,6.72,0.3469,45.3,14.7,Nile Valley,0.4931,0.469,semi_arid,LOW,0.1721,0,0.8008695652173913,0.0,0.39391304347826084,0.3704095652173913,1.2246467991473532e-16,-1.0
R02,2024,8,27.2,26.0,34.3,0.2299,6.81,0.4019,38.8,0.0,Nile Valley,0.4931,0.469,semi_arid,LOW,0.1949,0,0.7739130434782608,0.016666666666666607,0.33739130434782605,0.30828804347826083,-0.4999999999999997,-0.8660254037844388
R02,2024,9,22.4,22.3,43.3,0.3059,6.69,0.364,33.8,7.7,Nile Valley,0.4931,0.469,semi_arid,LOW,0.0862,0,0.8060869565217391,0.0,0.29391304347826086,0.34526195652173913,-0.8660254037844385,-0.5000000000000004
R02,2024,10,18.4,49.7,41.7,0.776,6.71,0.6545,19.2,27.5,Nile Valley,0.4931,0.469,semi_arid,LOW,0.0144,0,0.5678260869565217,0.0,0.16695652173913042,0.6395560869565218,-1.0,-1.8369701987210297e-16
R02,2024,11,14.4,21.2,48.8,0.5497,6.88,0.4429,50.1,19.8,Nile Valley,0.4931,0.469,semi_arid,LOW,0.2944,0,0.8156521739130435,0.0,0.4356521739130435,0.4779171739130435,-0.8660254037844386,0.5000000000000001
R02,2024,12,19.6,50.6,86.7,0.5464,6.86,0.7885,41.5,26.4,Nile Valley,0.4931,0.469,semi_arid,LOW,0.2723,0,0.56,0.0,0.36086956521739133,0.51445,-0.5000000000000004,0.8660254037844384
R02,2025,1,26.8,37.9,73.5,0.5998,7.44,0.7141,72.4,20.3,Nile Valley,0.4931,0.469,semi_arid,MEDIUM,0.6991,1,0.6704347826086956,0.0,0.6295652173913044,0.5272547826086957,0.0,1.0
R02,2025,2,24.8,40.7,69.2,0.6953,6.72,0.8689,62.9,34.9,Nile Valley,0.4931,0.469,semi_arid,LOW,0.1742,0,0.6460869565217391,0.0,0.5469565217391305,0.5834319565217392,0.49999999999999994,0.8660254037844387
R02,2025,3,29.7,29.9,70.6,0.3418,6.37,0.454,36.0,26.5,Nile Valley,0.4931,0.469,semi_arid,LOW,0.1975,0,0.74,0.22499999999999995,0.3130434782608696,0.37492,0.8660254037844386,0.5000000000000001
R02,2025,4,25.1,25.1,76.0,0.5797,7.16,0.4666,56.6,22.9,Nile Valley,0.4931,0.469,semi_arid,LOW,0.2751,0,0.7817391304347826,0.0,0.4921739130434783,0.4995041304347826,1.0,6.123233995736766e-17
R02,2025,5,28.5,39.2,40.9,0.3767,7.09,0.6216,50.0,21.1,Nile Valley,0.4931,0.469,semi_arid,LOW,0.0128,0,0.6591304347826087,0.125,0.43478260869565216,0.40624543478260866,0.8660254037844387,-0.4999999999999998
R02,2025,6,27.7,14.1,31.0,0.05,6.62,0.3238,78.9,13.4,Nile Valley,0.4931,0.469,semi_arid,MEDIUM,0.5211,1,0.8773913043478261,0.05833333333333327,0.6860869565217392,0.19382130434782607,0.49999999999999994,-0.8660254037844387
R02,2025,7,21.2,24.1,21.5,0.05,7.28,0.323,46.9,29.0,Nile Valley,0.4931,0.469,semi_arid,LOW,0.2181,0,0.7904347826086957,0.0,0.4078260869565217,0.20686478260869562,1.2246467991473532e-16,-1.0
R02,2025,8,23.0,41.3,36.3,0.3888,7.93,0.3348,28.8,26.5,Nile Valley,0.4931,0.469,semi_arid,LOW,0.0232,0,0.6408695652173912,0.0,0.25043478260869567,0.4156395652173913,-0.4999999999999997,-0.8660254037844388
R02,2025,9,18.3,41.8,36.9,0.3495,6.81,0.5237,35.1,27.3,Nile Valley,0.4931,0.469,semi_arid,LOW,0.2221,0,0.6365217391304347,0.0,0.30521739130434783,0.3946767391304348,-0.8660254037844385,-0.5000000000000004
R02,2025,10,21.3,17.5,46.6,0.432,6.43,0.6057,48.3,18.5,Nile Valley,0.4931,0.469,semi_arid,MEDIUM,0.3796,1,0.8478260869565217,0.0,0.42,0.4083560869565217,-1.0,-1.8369701987210297e-16
R02,2025,11,13.2,29.9,73.6,0.6186,5.73,0.4525,41.5,15.0,Nile Valley,0.4931,0.469,semi_arid,LOW,0.2654,0,0.74,0.0,0.36086956521739133,0.5271600000000001,-0.8660254037844386,0.5000000000000001
R02,2025,12,23.7,44.2,52.3,0.7801,6.95,0.5537,51.1,31.2,Nile Valley,0.4931,0.469,semi_arid,LOW,0.1833,0,0.6156521739130434,0.0,0.44434782608695655,0.6346371739130434,-0.5000000000000004,0.8660254037844384
R03,2019,1,16.1,44.2,94.2,0.5528,6.91,0.7236,57.3,24.4,Coastal,0.3383,0.587,mediterranean,LOW,0.042,0,0.6156521739130434,0.0,0.49826086956521737,0.46318217391304345,0.0,1.0
R03,2019,2,28.8,36.6,72.0,0.337,6.48,0.6572,59.2,35.9,Coastal,0.3383,0.587,mediterranean,LOW,0.0911,0,0.6817391304347826,0.15000000000000005,0.5147826086956522,0.3345791304347826,0.49999999999999994,0.8660254037844387
R03,2019,3,24.6,30.5,61.0,0.388,7.19,0.452,83.4,21.6,Coastal,0.3383,0.587,mediterranean,MEDIUM,0.6908,1,0.7347826086956522,0.0,0.7252173913043479,0.3546726086956522,0.8660254037844386,0.5000000000000001
R03,2019,4,29.7,36.9,53.4,0.3429,7.45,0.5487,53.0,27.0,Coastal,0.3383,0.587,mediterranean,LOW,0.3337,0,0.6791304347826087,0.22499999999999995,0.4608695652173913,0.33821543478260874,1.0,6.123233995736766e-17
R03,2019,5,31.3,7.4,49.0,0.2435,6.85,0.3415,80.4,29.2,Coastal,0.3383,0.587,mediterranean,MEDIUM,0.4477,1,0.9356521739130435,0.3583333333333334,0.6991304347826087,0.2450671739130435,0.8660254037844387,-0.4999999999999998
R03,2019,6,32.4,0.4,23.8,0.1914,7.53,0.3582,31.2,13.9,Coastal,0.3383,0.587,mediterranean,MEDIUM,0.5557,1,0.9965217391304347,0.4499999999999999,0.271304347826087,0.2072817391304348,0.49999999999999994,-0.8660254037844387
R03,2019,7,29.0,14.8,44.0,0.12,6.65,0.3701,28.5,10.9,Coastal,0.3383,0.587,mediterranean,MEDIUM,0.5864,1,0.8713043478260869,0.16666666666666666,0.24782608695652175,0.18679434782608698,1.2246467991473532e-16,-1.0
R03,2019,8,21.2,46.8,34.0,0.2552,7.14,0.4224,61.1,0.6,Coastal,0.3383,0.587,mediterranean,LOW,0.2586,0,0.5930434782608696,0.0,0.5313043478260869,0.30289347826086954,-0.4999999999999997,-0.8660254037844388
R03,2019,9,21.4,58.5,36.4,0.5067,7.61,0.5246,10.7,6.4,Coastal,0.3383,0.587,mediterranean,LOW,0.1086,0,0.491304347826087,0.0,0.09304347826086956,0.456479347826087,-0.8660254037844385,-0.5000000000000004
R03,2019,10,17.2,38.3,54.5,0.3879,6.45,0.4924,41.3,21.0,Coastal,0.3383,0.587,mediterranean,LOW,0.0938,0,0.6669565217391304,0.0,0.3591304347826087,0.3647915217391305,-1.0,-1.8369701987210297e-16
R03,2019,11,16.0,61.9,54.6,0.5191,6.33,0.5308,49.1,29.4,Coastal,0.3383,0.587,mediterranean,LOW,0.3312,0,0.46173913043478265,0.0,0.42695652173913046,0.46773413043478257,-0.8660254037844386,0.5000000000000001
R03,2019,12,25.9,19.1,59.5,0.5431,6.56,0.5983,23.6,33.5,Coastal,0.3383,0.587,mediterranean,LOW,0.1782,0,0.8339130434782609,0.0,0.20521739130434785,0.4251080434782609,-0.5000000000000004,0.8660254037844384
R03,2020,1,19.9,39.9,72.5,0.7146,7.0,0.8972,52.8,32.8,Coastal,0.3383,0.587,mediterranean,LOW,0.27,0,0.6530434782608696,0.0,0.4591304347826087,0.5465634782608696,0.0,1.0
R03,2020,2,27.0,41.2,65.7,0.5205,6.75,0.6303,43.1,28.0,Coastal,0.3383,0.587,mediterranean,LOW,0.0138,0,0.6417391304347826,0.0,0.37478260869565216,0.44150413043478265,0.49999999999999994,0.8660254037844387
R03,2020,3,29.9,19.9,67.1,0.4308,7.12,0.7827,68.5,36.2,Coastal,0.3383,0.587,mediterranean,MEDIUM,0.6404,1,0.8269565217391305,0.24166666666666656,0.5956521739130435,0.36438652173913044,0.8660254037844386,0.5000000000000001
R03,2020,4,32.0,30.8,55.6,0.1986,7.33,0.5208,39.2,24.2,Coastal,0.3383,0.587,mediterranean,MEDIUM,0.3228,1,0.7321739130434782,0.4166666666666667,0.3408695652173913,0.2508939130434783,1.0,6.123233995736766e-17
R03,2020,5,30.2,48.2,39.1,0.05,7.29,0.5518,41.2,24.0,Coastal,0.3383,0.587,mediterranean,LOW,0.1996,0,0.5808695652173913,0.2666666666666666,0.3582608695652174,0.19185956521739128,0.8660254037844387,-0.4999999999999998
R03,2020,6,26.6,3.7,22.4,0.0971,6.9,0.1976,61.7,26.3,Coastal,0.3383,0.587,mediterranean,MEDIUM,0.5973,1,0.9678260869565217,0.0,0.5365217391304348,0.15972108695652174,0.49999999999999994,-0.8660254037844387
R03,2020,7,21.3,4.3,29.3,0.0757,7.42,0.3034,34.5,20.5,Coastal,0.3383,0.587,mediterranean,LOW,0.1151,0,0.9626086956521739,0.0,0.3,0.14873369565217393,1.2246467991473532e-16,-1.0
R03,2020,8,23.5,25.8,25.0,0.1669,7.01,0.3179,57.4,0.0,Coastal,0.3383,0.587,mediterranean,LOW,0.1417,0,0.7756521739130435,0.0,0.49913043478260866,0.22693717391304347,-0.4999999999999997,-0.8660254037844388
R03,2020,9,23.4,46.1,38.4,0.3435,7.27,0.3088,44.2,20.7,Coastal,0.3383,0.587,mediterranean,LOW,0.2939,0,0.5991304347826087,0.0,0.38434782608695656,0.3505454347826087,-0.8660254037844385,-0.5000000000000004
R03,2020,10,18.0,53.2,51.9,0.3914,6.98,0.5969,33.1,6.3,Coastal,0.3383,0.587,mediterranean,LOW,0.3312,0,0.537391304347826,0.0,0.28782608695652173,0.38615130434782613,-1.0,-1.8369701987210297e-16
R03,2020,11,16.3,51.3,62.6,0.7218,6.57,0.6687,56.6,10.4,Coastal,0.3383,0.587,mediterranean,LOW,0.1563,0,0.5539130434782609,0.0,0.4921739130434783,0.5653930434782609,-0.8660254037844386,0.5000000000000001
R03,2020,12,19.8,57.8,52.8,0.5059,7.81,0.5165,47.3,23.7,Coastal,0.3383,0.587,mediterranean,LOW,0.1787,0,0.4973913043478261,0.0,0.41130434782608694,0.45512630434782614,-0.5000000000000004,0.8660254037844384
R03,2021,1,29.0,71.0,67.5,0.7326,6.57,0.8513,68.2,21.9,Coastal,0.3383,0.587,mediterranean,LOW,0.1304,0,0.3826086956521739,0.16666666666666666,0.5930434782608696,0.597028695652174,0.0,1.0
R03,2021,2,28.6,8.9,55.8,0.571,6.39,0.5777,52.7,28.8,Coastal,0.3383,0.587,mediterranean,MEDIUM,0.5311,1,0.922608695652174,0.13333333333333344,0.45826086956521744,0.42714869565217395,0.49999999999999994,0.8660254037844387
R03,2021,3,28.4,18.9,67.1,0.4937,7.43,0.5679,80.1,45.2,Coastal,0.3383,0.587,mediterranean,MEDIUM,0.4456,1,0.8356521739130435,0.11666666666666654,0.6965217391304347,0.3976771739130435,0.8660254037844386,0.5000000000000001
R03,2021,4,36.0,7.4,41.6,0.3054,7.28,0.5132,40.4,26.5,Coastal,0.3383,0.587,mediterranean,MEDIUM,0.5642,1,0.9356521739130435,0.75,0.35130434782608694,0.2791121739130435,1.0,6.123233995736766e-17
R03,2021,5,30.0,41.8,27.8,0.0716,6.49,0.4485,41.2,28.2,Coastal,0.3383,0.587,mediterranean,LOW,0.0059,0,0.6365217391304347,0.25,0.3582608695652174,0.19539173913043478,0.8660254037844387,-0.4999999999999998
R03,2021,6,28.2,42.3,16.2,0.3459,7.71,0.448,35.9,10.6,Coastal,0.3383,0.587,mediterranean,LOW,0.1871,0,0.6321739130434783,0.09999999999999994,0.31217391304347825,0.3469089130434782,0.49999999999999994,-0.8660254037844387
R03,2021,7,21.2,11.3,24.8,0.2613,7.27,0.2833,33.7,12.5,Coastal,0.3383,0.587,mediterranean,LOW,0.0062,0,0.9017391304347826,0.0,0.29304347826086957,0.2599441304347826,1.2246467991473532e-16,-1.0
R03,2021,8,24.9,28.6,14.9,0.2816,6.49,0.2452,41.9,15.9,Coastal,0.3383,0.587,mediterranean,LOW,0.2825,0,0.7513043478260869,0.0,0.3643478260869565,0.2936743478260869,-0.4999999999999997,-0.8660254037844388
R03,2021,9,22.2,26.3,52.7,0.42355,6.99,0.4938,34.9,2.4,Coastal,0.3383,0.587,mediterranean,HIGH,0.8943,2,0.7713043478260869,0.0,0.3034782608695652,0.3687468478260869,-0.8660254037844385,-0.5000000000000004
R03,2021,10,18.1,35.5,55.4,0.5655,7.02,0.5557,47.9,15.6,Coastal,0.3383,0.587,mediterranean,LOW,0.1468,0,0.691304347826087,0.0,0.4165217391304348,0.458819347826087,-1.0,-1.8369701987210297e-16
R03,2021,11,23.0,59.0,43.1,0.5681,7.11,0.5024,59.9,14.3,Coastal,0.3383,0.587,mediterranean,LOW,0.3207,0,0.4869565217391304,0.0,0.5208695652173913,0.49090152173913043,-0.8660254037844386,0.5000000000000001
R03,2021,12,24.1,39.5,69.7,0.6444,7.23,0.5629,26.0,23.7,Coastal,0.3383,0.587,mediterranean,LOW,0.1323,0,0.6565217391304348,0.0,0.22608695652173913,0.5074317391304348,-0.5000000000000004,0.8660254037844384
R03,2022,1,20.7,59.0,61.9,0.5794,6.59,0.5973,76.9,28.2,Coastal,0.3383,0.587,mediterranean,LOW,0.3445,0,0.4869565217391304,0.0,0.6686956521739131,0.4971165217391305,0.0,1.0
R03,2022,2,23.7,55.7,69.7,0.365,7.53,0.7365,60.0,21.0,Coastal,0.3383,0.587,mediterranean,LOW,0.1014,0,0.5156521739130435,0.0,0.5217391304347826,0.37489217391304347,0.49999999999999994,0.8660254037844387
R03,2022,3,27.5,56.8,55.6,0.4645,7.89,0.5561,91.4,18.7,Coastal,0.3383,0.587,mediterranean,LOW,0.0555,0,0.5060869565217392,0.041666666666666664,0.7947826086956522,0.4310519565217391,0.8660254037844386,0.5000000000000001
R03,2022,4,30.1,29.0,43.8,0.6638,6.79,0.5255,52.1,28.6,Coastal,0.3383,0.587,mediterranean,MEDIUM,0.3766,1,0.7478260869565218,0.25833333333333347,0.4530434782608696,0.5044060869565218,1.0,6.123233995736766e-17
R03,2022,5,30.7,9.7,35.9,0.1791,7.09,0.5086,29.7,30.2,Coastal,0.3383,0.587,mediterranean,MEDIUM,0.3179,1,0.9156521739130434,0.3083333333333333,0.2582608695652174,0.2126471739130435,0.8660254037844387,-0.4999999999999998
R03,2022,6,31.6,0.0,8.6,0.1863,7.79,0.394,59.4,23.2,Coastal,0.3383,0.587,mediterranean,MEDIUM,0.6897,1,1.0,0.38333333333333347,0.5165217391304348,0.203955,0.49999999999999994,-0.8660254037844387
R03,2022,7,29.8,55.9,25.9,0.2593,6.45,0.3918,50.9,11.8,Coastal,0.3383,0.587,mediterranean,LOW,0.1749,0,0.5139130434782608,0.2333333333333334,0.4426086956521739,0.31701804347826085,1.2246467991473532e-16,-1.0
R03,2022,8,16.7,20.3,29.8,0.2839,6.6,0.2924,21.1,10.9,Coastal,0.3383,0.587,mediterranean,LOW,0.2648,0,0.8234782608695652,0.0,0.18347826086956523,0.28411326086956523,-0.4999999999999997,-0.8660254037844388
R03,2022,9,20.1,18.3,45.8,0.7206,6.77,0.2793,20.4,17.0,Coastal,0.3383,0.587,mediterranean,LOW,0.0492,0,0.8408695652173913,0.0,0.17739130434782607,0.5216895652173913,-0.8660254037844385,-0.5000000000000004
R03,2022,10,21.6,22.6,57.0,0.4162,6.87,0.5547,49.1,27.8,Coastal,0.3383,0.587,mediterranean,LOW,0.0825,0,0.8034782608695652,0.0,0.42695652173913046,0.35987826086956526,-1.0,-1.8369701987210297e-16
R03,2022,11,26.8,54.9,56.6,0.6398,7.24,0.5105,48.1,27.4,Coastal,0.3383,0.587,mediterranean,LOW,0.2474,0,0.5226086956521739,0.0,0.4182608695652174,0.5249886956521739,-0.8660254037844386,0.5000000000000001
R03,2022,12,22.1,64.2,50.0,0.6409,6.46,0.5679,45.5,20.2,Coastal,0.3383,0.587,mediterranean,LOW,0.0512,0,0.44173913043478263,0.0,0.39565217391304347,0.5377241304347827,-0.5000000000000004,0.8660254037844384
R03,2023,1,25.5,46.5,88.5,0.4631,6.31,0.7564,64.6,23.8,Coastal,0.3383,0.587,mediterranean,LOW,0.0082,0,0.5956521739130435,0.0,0.5617391304347825,0.4168471739130435,0.0,1.0
R03,2023,2,27.0,70.0,56.3,0.5826,7.39,0.6338,67.0,19.5,Coastal,0.3383,0.587,mediterranean,LOW,0.1939,0,0.3913043478260869,0.0,0.5826086956521739,0.5132243478260871,0.49999999999999994,0.8660254037844387
R03,2023,3,31.1,39.8,51.3,0.4932,6.02,0.6613,51.8,32.0,Coastal,0.3383,0.587,mediterranean,MEDIUM,0.6398,1,0.653913043478261,0.3416666666666668,0.4504347826086956,0.4246630434782609,0.8660254037844386,0.5000000000000001
R03,2023,4,30.5,43.2,46.8,0.3213,7.21,0.538,76.3,16.1,Coastal,0.3383,0.587,mediterranean,MEDIUM,0.5501,1,0.6243478260869565,0.2916666666666667,0.6634782608695652,0.3345528260869566,1.0,6.123233995736766e-17
R03,2023,5,24.3,17.4,31.0,0.1083,6.15,0.3538,67.6,15.7,Coastal,0.3383,0.587,mediterranean,MEDIUM,0.5862,1,0.8486956521739131,0.0,0.5878260869565217,0.18375065217391304,0.8660254037844387,-0.4999999999999998
R03,2023,6,26.5,13.8,15.6,0.2678,7.25,0.2333,50.2,27.3,Coastal,0.3383,0.587,mediterranean,MEDIUM,0.4579,1,0.88,0.0,0.4365217391304348,0.26678,0.49999999999999994,-0.8660254037844387
R03,2023,7,20.2,24.9,24.8,0.1091,6.54,0.3143,54.6,19.4,Coastal,0.3383,0.587,mediterranean,MEDIUM,0.3587,1,0.7834782608695652,0.0,0.4747826086956522,0.19397326086956523,1.2246467991473532e-16,-1.0
R03,2023,8,14.8,36.8,35.4,0.1366,6.19,0.2879,65.6,6.4,Coastal,0.3383,0.587,mediterranean,MEDIUM,0.3956,1,0.68,0.0,0.5704347826086956,0.22462,-0.4999999999999997,-0.8660254037844388
R03,2023,9,18.5,15.2,48.4,0.4104,6.31,0.4134,20.2,7.3,Coastal,0.3383,0.587,mediterranean,LOW,0.2809,0,0.8678260869565217,0.0,0.17565217391304347,0.3470360869565217,-0.8660254037844385,-0.5000000000000004
R03,2023,10,21.0,80.7,54.2,0.627,6.25,0.4794,33.2,0.0,Coastal,0.3383,0.587,mediterranean,LOW,0.0474,0,0.29826086956521736,0.0,0.2886956521739131,0.5516008695652175,-1.0,-1.8369701987210297e-16
R03,2023,11,21.8,49.8,68.2,0.6962,6.69,0.5176,39.4,15.6,Coastal,0.3383,0.587,mediterranean,LOW,0.2964,0,0.5669565217391305,0.0,0.3426086956521739,0.5493565217391305,-0.8660254037844386,0.5000000000000001
R03,2023,12,24.4,73.8,62.1,0.7396,6.75,0.7404,61.8,26.8,Coastal,0.3383,0.587,mediterranean,LOW,0.1636,0,0.3582608695652174,0.0,0.5373913043478261,0.6045308695652174,-0.5000000000000004,0.8660254037844384
R03,2024,1,23.7,45.1,77.9,0.6247,6.73,0.698,48.5,31.6,Coastal,0.3383,0.587,mediterranean,LOW,0.0396,0,0.6078260869565217,0.0,0.4217391304347826,0.5039010869565217,0.0,1.0
R03,2024,2,32.0,38.1,63.1,0.5385,7.41,0.5751,73.8,21.9,Coastal,0.3383,0.587,mediterranean,MEDIUM,0.3247,1,0.668695652173913,0.4166666666666667,0.6417391304347826,0.4473606521739131,0.49999999999999994,0.8660254037844387
R03,2024,3,30.3,31.3,69.5,0.4049,6.87,0.6454,57.6,9.1,Coastal,0.3383,0.587,mediterranean,MEDIUM,0.6485,1,0.7278260869565217,0.2750000000000001,0.5008695652173913,0.36501108695652174,0.8660254037844386,0.5000000000000001
R03,2024,4,23.2,12.6,42.2,0.177,7.41,0.5466,46.6,18.1,Coastal,0.3383,0.587,mediterranean,LOW,0.1414,0,0.8904347826086957,0.0,0.40521739130434786,0.21527478260869568,1.0,6.123233995736766e-17
R03,2024,5,22.4,3.2,30.8,0.0688,7.5,0.6484,58.6,12.4,Coastal,0.3383,0.587,mediterranean,MEDIUM,0.6427,1,0.9721739130434782,0.0,0.5095652173913043,0.1435039130434783,0.8660254037844387,-0.4999999999999998
R03,2024,6,26.9,31.7,30.2,0.3202,7.61,0.3786,42.3,6.2,Coastal,0.3383,0.587,mediterranean,MEDIUM,0.4531,1,0.7243478260869565,0.0,0.3678260869565217,0.31894782608695654,0.49999999999999994,-0.8660254037844387
R03,2024,7,21.9,16.8,40.5,0.05,5.98,0.3755,45.1,16.5,Coastal,0.3383,0.587,mediterranean,LOW,0.0611,0,0.8539130434782609,0.0,0.39217391304347826,0.15090304347826086,1.2246467991473532e-16,-1.0
R03,2024,8,19.6,11.3,38.3,0.229,6.44,0.3638,43.0,12.1,Coastal,0.3383,0.587,mediterranean,MEDIUM,0.6075,1,0.9017391304347826,0.0,0.3739130434782609,0.24217913043478262,-0.4999999999999997,-0.8660254037844388
R03,2024,9,20.0,44.7,39.9,0.4739,6.17,0.3801,11.9,8.1,Coastal,0.3383,0.587,mediterranean,LOW,0.211,0,0.6113043478260869,0.0,0.10347826086956521,0.42043934782608694,-0.8660254037844385,-0.5000000000000004
R03,2024,10,22.1,29.5,49.9,0.6812,6.36,0.587,30.9,12.8,Coastal,0.3383,0.587,mediterranean,MEDIUM,0.6708,1,0.7434782608695651,0.0,0.26869565217391306,0.5146282608695653,-1.0,-1.8369701987210297e-16
R03,2024,11,20.0,34.1,44.4,0.515,7.17,0.6847,43.6,31.4,Coastal,0.3383,0.587,mediterranean,LOW,0.2174,0,0.7034782608695652,0.0,0.3791304347826087,0.42921826086956527,-0.8660254037844386,0.5000000000000001
R03,2024,12,24.6,49.7,57.1,0.689,7.35,0.5147,62.2,16.1,Coastal,0.3383,0.587,mediterranean,LOW,0.0066,0,0.5678260869565217,0.0,0.5408695652173914,0.5452660869565217,-0.5000000000000004,0.8660254037844384
R03,2025,1,24.7,69.2,47.2,0.7068,6.47,0.676,67.7,32.1,Coastal,0.3383,0.587,mediterranean,LOW,0.0119,0,0.39826086956521733,0.0,0.5886956521739131,0.5804908695652174,0.0,1.0
R03,2025,2,23.0,31.2,81.9,0.531,7.14,0.6636,50.9,34.8,Coastal,0.3383,0.587,mediterranean,MEDIUM,0.3137,1,0.728695652173913,0.0,0.4426086956521739,0.4342356521739131,0.49999999999999994,0.8660254037844387
R03,2025,3,30.2,46.5,48.6,0.2987,6.23,0.6622,62.6,15.6,Coastal,0.3383,0.587,mediterranean,MEDIUM,0.3182,1,0.5956521739130435,0.2666666666666666,0.5443478260869565,0.32642717391304343,0.8660254037844386,0.5000000000000001
R03,2025,4,26.6,31.7,50.6,0.3223,7.47,0.4955,69.8,25.7,Coastal,0.3383,0.587,mediterranean,MEDIUM,0.6525,1,0.7243478260869565,0.0,0.6069565217391304,0.3201028260869565,1.0,6.123233995736766e-17
R03,2025,5,31.0,14.9,42.8,0.0582,7.38,0.388,54.1,19.7,Coastal,0.3383,0.587,mediterranean,MEDIUM,0.5465,1,0.8704347826086957,0.3333333333333333,0.47043478260869565,0.15293478260869567,0.8660254037844387,-0.4999999999999998
R03,2025,6,28.0,26.7,40.7,0.241,6.58,0.5345,39.2,20.9,Coastal,0.3383,0.587,mediterranean,MEDIUM,0.4856,1,0.7678260869565218,0.08333333333333333,0.3408695652173913,0.26886608695652175,0.49999999999999994,-0.8660254037844387
R03,2025,7,20.1,0.0,40.0,0.1216,6.73,0.3607,41.8,14.4,Coastal,0.3383,0.587,mediterranean,MEDIUM,0.6045,1,1.0,0.0,0.3634782608695652,0.16837000000000002,1.2246467991473532e-16,-1.0
R03,2025,8,26.1,9.7,14.1,0.1689,7.07,0.5313,42.4,2.8,Coastal,0.3383,0.587,mediterranean,MEDIUM,0.475,1,0.9156521739130434,0.0,0.36869565217391304,0.2070371739130435,-0.4999999999999997,-0.8660254037844388
R03,2025,9,21.0,49.0,58.0,0.3411,7.1,0.1501,21.6,0.0,Coastal,0.3383,0.587,mediterranean,LOW,0.2948,0,0.5739130434782609,0.0,0.18782608695652175,0.35300804347826087,-0.8660254037844385,-0.5000000000000004
R03,2025,10,21.5,39.4,41.1,0.4953,6.74,0.4182,45.5,6.3,Coastal,0.3383,0.587,mediterranean,LOW,0.047,0,0.6573913043478261,0.0,0.39565217391304347,0.4252963043478261,-1.0,-1.8369701987210297e-16
R03,2025,11,20.7,47.8,49.8,0.703,6.74,0.5573,44.5,23.0,Coastal,0.3383,0.587,mediterranean,LOW,0.2559,0,0.5843478260869566,0.0,0.3869565217391304,0.5504878260869566,-0.8660254037844386,0.5000000000000001
R03,2025,12,28.6,81.8,78.7,0.5547,5.94,0.5167,59.0,14.4,Coastal,0.3383,0.587,mediterranean,LOW,0.2707,0,0.288695652173913,0.13333333333333344,0.5130434782608696,0.5132706521739131,-0.5000000000000004,0.8660254037844384
R04,2019,1,23.7,65.1,76.4,0.6885,6.0,0.5734,56.5,40.3,Upper Egypt,0.426,0.322,arid,LOW,0.1503,0,0.4339130434782609,0.0,0.49130434782608695,0.5913880434782609,0.0,1.0
R04,2019,2,30.3,63.7,73.7,0.452,7.92,0.7068,88.7,35.9,Upper Egypt,0.426,0.322,arid,LOW,0.2822,0,0.44608695652173913,0.2750000000000001,0.771304347826087,0.45948695652173915,0.49999999999999994,0.8660254037844387
R04,2019,3,33.1,44.6,63.4,0.3331,7.7,0.5009,70.1,18.9,Upper Egypt,0.426,0.322,arid,MEDIUM,0.5676,1,0.6121739130434782,0.5083333333333334,0.6095652173913043,0.3691789130434782,0.8660254037844386,0.5000000000000001
R04,2019,4,26.1,26.3,44.4,0.4211,6.37,0.6073,73.8,22.7,Upper Egypt,0.426,0.322,arid,LOW,0.0796,0,0.7713043478260869,0.0,0.6417391304347826,0.3937093478260869,1.0,6.123233995736766e-17
R04,2019,5,27.0,42.9,57.3,0.1781,6.54,0.4033,65.9,14.9,Upper Egypt,0.426,0.322,arid,LOW,0.0596,0,0.6269565217391304,0.0,0.5730434782608697,0.28171152173913044,0.8660254037844387,-0.4999999999999998
R04,2019,6,33.1,18.8,46.2,0.2333,6.8,0.4255,47.4,17.3,Upper Egypt,0.426,0.322,arid,MEDIUM,0.699,1,0.8365217391304348,0.5083333333333334,0.4121739130434782,0.28063673913043474,0.49999999999999994,-0.8660254037844387
R04,2019,7,26.5,20.7,19.1,0.1568,7.36,0.3942,46.2,17.0,Upper Egypt,0.426,0.322,arid,LOW,0.3127,0,0.8200000000000001,0.0,0.40173913043478265,0.24104,1.2246467991473532e-16,-1.0
R04,2019,8,25.2,25.9,19.7,0.2927,6.83,0.3853,28.3,1.3,Upper Egypt,0.426,0.322,arid,LOW,0.2247,0,0.7747826086956522,0.0,0.24608695652173915,0.3225676086956522,-0.4999999999999997,-0.8660254037844388
R04,2019,9,22.0,33.8,58.0,0.466,8.08,0.5189,59.4,33.0,Upper Egypt,0.426,0.322,arid,LOW,0.2508,0,0.7060869565217391,0.0,0.5165217391304348,0.4281869565217391,-0.8660254037844385,-0.5000000000000004
R04,2019,10,24.2,45.2,52.5,0.6171,8.59,0.5516,43.7,5.4,Upper Egypt,0.426,0.322,arid,LOW,0.0623,0,0.6069565217391304,0.0,0.38,0.5261615217391304,-1.0,-1.8369701987210297e-16
R04,2019,11,22.3,49.3,49.2,0.6314,7.4,0.4741,30.9,24.1,Upper Egypt,0.426,0.322,arid,LOW,0.0948,0,0.571304347826087,0.0,0.26869565217391306,0.539374347826087,-0.8660254037844386,0.5000000000000001
R04,2019,12,23.5,43.8,54.8,0.5467,6.8,0.6947,70.1,14.3,Upper Egypt,0.426,0.322,arid,LOW,0.0701,0,0.6191304347826088,0.0,0.6095652173913043,0.4856154347826087,-0.5000000000000004,0.8660254037844384
R04,2020,1,28.0,58.2,52.1,0.5523,7.12,0.7587,55.6,28.5,Upper Egypt,0.426,0.322,arid,LOW,0.3382,0,0.4939130434782608,0.08333333333333333,0.48347826086956525,0.5074780434782609,0.0,1.0
R04,2020,2,28.6,59.9,77.9,0.6036,6.97,0.5629,76.0,25.3,Upper Egypt,0.426,0.322,arid,LOW,0.0283,0,0.47913043478260875,0.13333333333333344,0.6608695652173913,0.5379104347826088,0.49999999999999994,0.8660254037844387
R04,2020,3,33.9,35.6,51.5,0.5362,7.44,0.4144,41.5,31.9,Upper Egypt,0.426,0.322,arid,LOW,0.1088,0,0.6904347826086956,0.5749999999999998,0.36086956521739133,0.4691447826086957,0.8660254037844386,0.5000000000000001
R04,2020,4,28.2,30.2,53.8,0.2624,7.13,0.5779,79.9,23.3,Upper Egypt,0.426,0.322,arid,LOW,0.3058,0,0.7373913043478261,0.09999999999999994,0.6947826086956522,0.31151130434782615,1.0,6.123233995736766e-17
R04,2020,5,34.7,34.2,38.7,0.336,7.19,0.4835,63.6,16.2,Upper Egypt,0.426,0.322,arid,LOW,0.3204,0,0.7026086956521739,0.6416666666666669,0.5530434782608695,0.3572086956521739,0.8660254037844387,-0.4999999999999998
R04,2020,6,25.3,10.2,34.9,0.2077,6.71,0.344,37.3,24.2,Upper Egypt,0.426,0.322,arid,LOW,0.1919,0,0.9113043478260869,0.0,0.3243478260869565,0.25533934782608697,0.49999999999999994,-0.8660254037844387
R04,2020,7,25.9,9.0,32.5,0.2291,7.03,0.1614,48.3,17.0,Upper Egypt,0.426,0.322,arid,LOW,0.0283,0,0.9217391304347826,0.0,0.42,0.2655441304347826,1.2246467991473532e-16,-1.0
R04,2020,8,22.5,15.6,35.8,0.2523,7.08,0.342,59.5,3.6,Upper Egypt,0.426,0.322,arid,LOW,0.3137,0,0.8643478260869565,0.0,0.5173913043478261,0.28691282608695656,-0.4999999999999997,-0.8660254037844388
R04,2020,9,21.0,38.7,42.7,0.3704,7.29,0.3171,26.7,14.3,Upper Egypt,0.426,0.322,arid,LOW,0.1027,0,0.6634782608695652,0.0,0.23217391304347826,0.38199826086956523,-0.8660254037844385,-0.5000000000000004
R04,2020,10,18.1,37.8,64.4,0.3046,6.88,0.5764,28.5,22.3,Upper Egypt,0.426,0.322,arid,LOW,0.2778,0,0.671304347826087,0.0,0.24782608695652175,0.34463434782608693,-1.0,-1.8369701987210297e-16
R04,2020,11,18.7,20.6,41.4,0.7757,7.44,0.4282,39.7,12.1,Upper Egypt,0.426,0.322,arid,LOW,0.3293,0,0.8208695652173913,0.0,0.34521739130434786,0.5813045652173913,-0.8660254037844386,0.5000000000000001
R04,2020,12,24.1,55.5,66.1,0.5721,7.18,0.6477,51.0,25.4,Upper Egypt,0.426,0.322,arid,LOW,0.0698,0,0.5173913043478261,0.0,0.4434782608695652,0.5148463043478261,-0.5000000000000004,0.8660254037844384
R04,2021,1,30.1,12.2,74.0,0.6379,6.59,0.6565,71.5,30.1,Upper Egypt,0.426,0.322,arid,LOW,0.1195,0,0.8939130434782608,0.25833333333333347,0.6217391304347826,0.4945580434782609,0.0,1.0
R04,2021,2,33.7,28.1,63.5,0.5504,7.46,0.5493,69.9,30.6,Upper Egypt,0.426,0.322,arid,LOW,0.0445,0,0.7556521739130435,0.5583333333333336,0.6078260869565217,0.4671721739130435,0.49999999999999994,0.8660254037844387
R04,2021,3,28.6,21.6,56.7,0.3586,5.7,0.5129,62.2,21.2,Upper Egypt,0.426,0.322,arid,LOW,0.3101,0,0.8121739130434782,0.13333333333333344,0.5408695652173914,0.35320391304347826,0.8660254037844386,0.5000000000000001
R04,2021,4,35.8,52.6,46.6,0.2371,6.54,0.5166,67.3,21.3,Upper Egypt,0.426,0.322,arid,MEDIUM,0.5637,1,0.5426086956521738,0.7333333333333331,0.5852173913043478,0.32681369565217394,1.0,6.123233995736766e-17
R04,2021,5,36.5,18.2,57.5,0.2201,5.92,0.4466,82.8,30.7,Upper Egypt,0.426,0.322,arid,MEDIUM,0.585,1,0.8417391304347827,0.7916666666666666,0.72,0.2725941304347826,0.8660254037844387,-0.4999999999999998
R04,2021,6,28.7,17.0,36.3,0.0886,7.29,0.2419,59.5,19.0,Upper Egypt,0.426,0.322,arid,MEDIUM,0.5369,1,0.8521739130434782,0.1416666666666666,0.5173913043478261,0.19870391304347826,0.49999999999999994,-0.8660254037844387
R04,2021,7,36.0,30.4,22.9,0.2304,6.91,0.3803,41.2,3.0,Upper Egypt,0.426,0.322,arid,LOW,0.0658,0,0.7356521739130435,0.75,0.3582608695652174,0.29417217391304346,1.2246467991473532e-16,-1.0
R04,2021,8,26.9,19.6,27.8,0.315,6.92,0.2165,33.8,12.8,Upper Egypt,0.426,0.322,arid,LOW,0.15,0,0.8295652173913044,0.0,0.29391304347826086,0.3266152173913044,-0.4999999999999997,-0.8660254037844388
R04,2021,9,24.9,35.5,42.8,0.2227,6.76,0.4242,38.4,16.8,Upper Egypt,0.426,0.322,arid,LOW,0.1519,0,0.691304347826087,0.0,0.33391304347826084,0.2965893478260869,-0.8660254037844385,-0.5000000000000004
R04,2021,10,21.5,50.0,54.2,0.427,7.36,0.4721,50.8,10.5,Upper Egypt,0.426,0.322,arid,LOW,0.2403,0,0.5652173913043479,0.0,0.4417391304347826,0.4278673913043478,-1.0,-1.8369701987210297e-16
R04,2021,11,16.4,62.3,50.2,0.4574,6.91,0.5976,32.3,31.6,Upper Egypt,0.426,0.322,arid,LOW,0.0074,0,0.4582608695652174,0.0,0.28086956521739126,0.46063086956521737,-0.8660254037844386,0.5000000000000001
R04,2021,12,19.7,54.1,68.2,0.639,7.99,0.563,61.6,20.9,Upper Egypt,0.426,0.322,arid,LOW,0.1112,0,0.5295652173913044,0.0,0.5356521739130435,0.5498152173913045,-0.5000000000000004,0.8660254037844384
R04,2022,1,24.4,64.8,56.6,0.5644,7.26,0.6477,55.9,26.1,Upper Egypt,0.426,0.322,arid,LOW,0.3074,0,0.4365217391304348,0.0,0.4860869565217391,0.5227417391304349,0.0,1.0
R04,2022,2,27.8,36.2,66.9,0.4399,6.28,0.5788,63.5,31.8,Upper Egypt,0.426,0.322,arid,LOW,0.1715,0,0.6852173913043478,0.06666666666666672,0.5521739130434783,0.4169623913043478,0.49999999999999994,0.8660254037844387
R04,2022,3,31.7,19.9,67.2,0.2712,6.19,0.4954,103.0,28.4,Upper Egypt,0.426,0.322,arid,MEDIUM,0.3314,1,0.8269565217391305,0.3916666666666666,0.8956521739130435,0.3029165217391304,0.8660254037844386,0.5000000000000001
R04,2022,4,31.7,0.0,30.4,0.1743,7.34,0.5601,72.9,10.5,Upper Egypt,0.426,0.322,arid,MEDIUM,0.6662,1,1.0,0.3916666666666666,0.6339130434782609,0.223665,1.0,6.123233995736766e-17
R04,2022,5,30.8,14.4,39.0,0.1183,6.92,0.2392,50.2,29.8,Upper Egypt,0.426,0.322,arid,MEDIUM,0.5572,1,0.8747826086956522,0.3166666666666667,0.4365217391304348,0.2116476086956522,0.8660254037844387,-0.4999999999999998
R04,2022,6,28.9,18.4,42.2,0.1407,7.25,0.4526,56.0,0.0,Upper Egypt,0.426,0.322,arid,LOW,0.2516,0,0.8400000000000001,0.15833333333333321,0.48695652173913045,0.229185,0.49999999999999994,-0.8660254037844387
R04,2022,7,23.2,0.1,19.1,0.1412,7.58,0.1984,52.6,28.4,Upper Egypt,0.426,0.322,arid,LOW,0.3321,0,0.9991304347826087,0.0,0.4573913043478261,0.20559043478260872,1.2246467991473532e-16,-1.0
R04,2022,8,24.9,43.7,28.4,0.1503,7.4,0.5372,7.1,24.2,Upper Egypt,0.426,0.322,arid,LOW,0.1458,0,0.62,0.0,0.06173913043478261,0.267465,-0.4999999999999997,-0.8660254037844388
R04,2022,9,14.7,9.4,31.7,0.4592,7.03,0.2055,0.0,20.6,Upper Egypt,0.426,0.322,arid,LOW,0.0374,0,0.9182608695652174,0.0,0.0,0.3926208695652174,-0.8660254037844385,-0.5000000000000004
R04,2022,10,19.8,38.9,50.4,0.2573,7.11,0.4642,36.9,0.0,Upper Egypt,0.426,0.322,arid,LOW,0.0266,0,0.6617391304347826,0.0,0.3208695652173913,0.3200541304347826,-1.0,-1.8369701987210297e-16
R04,2022,11,21.2,68.1,53.2,0.4405,7.08,0.5865,49.2,29.2,Upper Egypt,0.426,0.322,arid,LOW,0.1991,0,0.4078260869565218,0.0,0.42782608695652175,0.45890108695652176,-0.8660254037844386,0.5000000000000001
R04,2022,12,21.4,62.2,52.0,0.7133,7.12,0.7527,55.5,28.7,Upper Egypt,0.426,0.322,arid,LOW,0.1294,0,0.4591304347826086,0.0,0.4826086956521739,0.6012454347826088,-0.5000000000000004,0.8660254037844384
R04,2023,1,27.7,53.9,68.5,0.5742,6.99,0.7564,51.3,12.0,Upper Egypt,0.426,0.322,arid,LOW,0.326,0,0.531304347826087,0.05833333333333327,0.44608695652173913,0.513914347826087,0.0,1.0
R04,2023,2,33.8,35.7,87.9,0.3826,8.46,0.6674,73.4,42.0,Upper Egypt,0.426,0.322,arid,MEDIUM,0.6715,1,0.6895652173913043,0.5666666666666664,0.6382608695652174,0.3847952173913044,0.49999999999999994,0.8660254037844387
R04,2023,3,30.2,15.8,60.7,0.4457,7.31,0.7627,81.9,11.0,Upper Egypt,0.426,0.322,arid,MEDIUM,0.5816,1,0.8626086956521739,0.2666666666666666,0.7121739130434783,0.39354369565217395,0.8660254037844386,0.5000000000000001
R04,2023,4,28.3,13.7,54.0,0.3951,6.25,0.6403,40.3,17.2,Upper Egypt,0.426,0.322,arid,MEDIUM,0.4884,1,0.8808695652173913,0.10833333333333339,0.35043478260869565,0.3629745652173913,1.0,6.123233995736766e-17
R04,2023,5,32.5,8.3,49.9,0.1859,7.1,0.2971,33.6,20.4,Upper Egypt,0.426,0.322,arid,MEDIUM,0.6262,1,0.9278260869565217,0.4583333333333333,0.2921739130434783,0.24087108695652173,0.8660254037844387,-0.4999999999999998
R04,2023,6,32.5,36.5,38.0,0.2631,6.72,0.3801,55.9,4.6,Upper Egypt,0.426,0.322,arid,LOW,0.2832,0,0.682608695652174,0.4583333333333333,0.4860869565217391,0.3201136956521739,0.49999999999999994,-0.8660254037844387
R04,2023,7,30.6,0.0,26.8,0.1927,8.01,0.5482,54.2,17.9,Upper Egypt,0.426,0.322,arid,MEDIUM,0.404,1,1.0,0.3000000000000001,0.471304347826087,0.23378500000000002,1.2246467991473532e-16,-1.0
R04,2023,8,21.4,26.8,27.0,0.3056,7.08,0.3328,28.8,10.6,Upper Egypt,0.426,0.322,arid,LOW,0.0525,0,0.7669565217391304,0.0,0.25043478260869567,0.3308365217391305,-0.4999999999999997,-0.8660254037844388
R04,2023,9,21.7,63.2,38.3,0.5327,6.89,0.3829,5.8,10.4,Upper Egypt,0.426,0.322,arid,LOW,0.0202,0,0.4504347826086956,0.0,0.050434782608695654,0.5032197826086956,-0.8660254037844385,-0.5000000000000004
R04,2023,10,22.7,41.5,50.8,0.6174,6.78,0.4962,37.1,17.3,Upper Egypt,0.426,0.322,arid,LOW,0.2746,0,0.6391304347826087,0.0,0.3226086956521739,0.5215004347826087,-1.0,-1.8369701987210297e-16
R04,2023,11,22.2,59.0,71.7,0.3834,7.4,0.7691,48.2,22.0,Upper Egypt,0.426,0.322,arid,LOW,0.2083,0,0.4869565217391304,0.0,0.4191304347826087,0.41562652173913045,-0.8660254037844386,0.5000000000000001
R04,2023,12,28.9,59.6,73.2,0.6865,7.78,0.5453,46.0,26.3,Upper Egypt,0.426,0.322,arid,LOW,0.0522,0,0.48173913043478256,0.15833333333333321,0.4,0.5831141304347827,-0.5000000000000004,0.8660254037844384
R04,2024,1,23.0,51.0,79.4,0.6016,6.58,0.6272,72.5,26.2,Upper Egypt,0.426,0.322,arid,LOW,0.2319,0,0.5565217391304348,0.0,0.6304347826086957,0.5252017391304349,0.0,1.0
R04,2024,2,31.6,48.2,76.2,0.5927,7.1,0.4886,67.8,26.5,Upper Egypt,0.426,0.322,arid,LOW,0.2492,0,0.5808695652173913,0.38333333333333347,0.5895652173913043,0.5166545652173913,0.49999999999999994,0.8660254037844387
R04,2024,3,32.3,53.0,62.9,0.2422,6.36,0.6241,55.3,31.1,Upper Egypt,0.426,0.322,arid,LOW,0.058,0,0.5391304347826087,0.44166666666666643,0.48086956521739127,0.3301404347826087,0.8660254037844386,0.5000000000000001
R04,2024,4,30.4,30.0,20.7,0.5477,7.73,0.3104,54.7,27.1,Upper Egypt,0.426,0.322,arid,MEDIUM,0.5351,1,0.7391304347826086,0.2833333333333332,0.4756521739130435,0.46816543478260875,1.0,6.123233995736766e-17
R04,2024,5,32.0,0.0,22.8,0.3973,7.52,0.2705,57.9,17.6,Upper Egypt,0.426,0.322,arid,MEDIUM,0.3066,1,1.0,0.4166666666666667,0.5034782608695652,0.34631500000000004,0.8660254037844387,-0.4999999999999998
R04,2024,6,30.4,22.2,21.1,0.1636,7.6,0.4251,45.1,11.9,Upper Egypt,0.426,0.322,arid,MEDIUM,0.5219,1,0.8069565217391305,0.2833333333333332,0.39217391304347826,0.24673652173913044,0.49999999999999994,-0.8660254037844387
R04,2024,7,24.4,38.2,25.2,0.0697,7.36,0.1362,17.8,16.1,Upper Egypt,0.426,0.322,arid,LOW,0.2284,0,0.6678260869565218,0.0,0.1547826086956522,0.21596108695652172,1.2246467991473532e-16,-1.0
R04,2024,8,30.7,25.0,36.8,0.2733,7.62,0.3719,40.5,18.8,Upper Egypt,0.426,0.322,arid,LOW,0.0417,0,0.782608695652174,0.3083333333333333,0.3521739130434783,0.3107236956521739,-0.4999999999999997,-0.8660254037844388
R04,2024,9,27.0,37.0,30.0,0.3401,7.49,0.5225,27.0,28.2,Upper Egypt,0.426,0.322,arid,LOW,0.2849,0,0.6782608695652175,0.0,0.23478260869565218,0.36311586956521735,-0.8660254037844385,-0.5000000000000004
R04,2024,10,21.2,44.5,36.4,0.6572,7.49,0.6081,31.3,9.0,Upper Egypt,0.426,0.322,arid,LOW,0.1376,0,0.6130434782608696,0.0,0.27217391304347827,0.5473034782608696,-1.0,-1.8369701987210297e-16
R04,2024,11,21.4,41.2,69.2,0.6612,7.18,0.584,27.6,6.1,Upper Egypt,0.426,0.322,arid,LOW,0.0016,0,0.6417391304347826,0.0,0.24000000000000002,0.5451991304347826,-0.8660254037844386,0.5000000000000001
R04,2024,12,24.1,50.8,66.3,0.5715,6.44,0.5344,73.0,35.0,Upper Egypt,0.426,0.322,arid,LOW,0.0089,0,0.5582608695652174,0.0,0.6347826086956522,0.5083858695652174,-0.5000000000000004,0.8660254037844384
R04,2025,1,27.2,61.6,60.0,0.5394,7.17,0.7941,66.5,19.8,Upper Egypt,0.426,0.322,arid,LOW,0.0544,0,0.46434782608695646,0.016666666666666607,0.5782608695652174,0.5048178260869566,0.0,1.0
R04,2025,2,25.9,61.6,63.2,0.495,7.55,0.7378,90.2,25.2,Upper Egypt,0.426,0.322,arid,LOW,0.1814,0,0.46434782608695646,0.0,0.7843478260869565,0.4803978260869565,0.49999999999999994,0.8660254037844387
R04,2025,3,26.6,41.7,64.6,0.3722,7.35,0.5506,61.0,38.4,Upper Egypt,0.426,0.322,arid,LOW,0.0786,0,0.6373913043478261,0.0,0.5304347826086957,0.38690130434782605,0.8660254037844386,0.5000000000000001
R04,2025,4,26.9,28.4,57.4,0.4587,7.37,0.381,72.9,41.6,Upper Egypt,0.426,0.322,arid,MEDIUM,0.4451,1,0.7530434782608696,0.0,0.6339130434782609,0.4171284782608696,1.0,6.123233995736766e-17
R04,2025,5,32.0,27.2,26.0,0.2462,7.87,0.4069,61.2,16.8,Upper Egypt,0.426,0.322,arid,MEDIUM,0.6294,1,0.7634782608695652,0.4166666666666667,0.5321739130434783,0.29868826086956524,0.8660254037844387,-0.4999999999999998
R04,2025,6,30.0,10.5,27.9,0.2537,7.32,0.2664,40.8,1.2,Upper Egypt,0.426,0.322,arid,MEDIUM,0.401,1,0.908695652173913,0.25,0.35478260869565215,0.28103065217391304,0.49999999999999994,-0.8660254037844387
R04,2025,7,29.1,39.9,47.9,0.2881,6.35,0.2874,38.3,22.2,Upper Egypt,0.426,0.322,arid,LOW,0.1793,0,0.6530434782608696,0.17500000000000013,0.33304347826086955,0.3382984782608696,1.2246467991473532e-16,-1.0
R04,2025,8,27.9,23.4,36.2,0.4291,7.23,0.3396,46.0,12.2,Upper Egypt,0.426,0.322,arid,MEDIUM,0.5965,1,0.7965217391304348,0.07499999999999989,0.4,0.3943267391304348,-0.4999999999999997,-0.8660254037844388
R04,2025,9,24.5,36.8,41.3,0.4536,7.02,0.4263,20.1,14.9,Upper Egypt,0.426,0.322,arid,LOW,0.3445,0,0.68,0.0,0.17478260869565218,0.42528000000000005,-0.8660254037844385,-0.5000000000000004
R04,2025,10,24.0,44.1,42.7,0.5788,6.69,0.504,52.2,19.4,Upper Egypt,0.426,0.322,arid,LOW,0.2779,0,0.6165217391304347,0.0,0.4539130434782609,0.5036617391304348,-1.0,-1.8369701987210297e-16
R04,2025,11,20.9,61.8,60.0,0.5357,6.26,0.483,45.0,13.6,Upper Egypt,0.426,0.322,arid,LOW,0.2533,0,0.4626086956521739,0.0,0.391304347826087,0.5030436956521739,-0.8660254037844386,0.5000000000000001
R04,2025,12,25.0,65.1,63.6,0.7882,7.24,0.4975,63.0,0.0,Upper Egypt,0.426,0.322,arid,LOW,0.0404,0,0.4339130434782609,0.0,0.5478260869565217,0.646223043478261,-0.5000000000000004,0.8660254037844384
R05,2019,1,30.3,58.0,57.7,0.3884,7.14,0.8061,63.2,47.5,Sinai,0.3927,0.4344,arid,LOW,0.3343,0,0.4956521739130435,0.2750000000000001,0.5495652173913044,0.40708217391304347,0.0,1.0
R05,2019,2,34.8,37.5,50.8,0.4776,7.85,0.6651,40.4,26.1,Sinai,0.3927,0.4344,arid,LOW,0.2378,0,0.6739130434782609,0.6499999999999998,0.35130434782608694,0.42940304347826086,0.49999999999999994,0.8660254037844387
R05,2019,3,29.2,19.7,60.5,0.4566,6.53,0.6688,64.9,23.2,Sinai,0.3927,0.4344,arid,LOW,0.0731,0,0.828695652173913,0.18333333333333326,0.5643478260869565,0.3946356521739131,0.8660254037844386,0.5000000000000001
R05,2019,4,32.2,19.9,56.2,0.2598,7.63,0.4186,78.5,27.8,Sinai,0.3927,0.4344,arid,MEDIUM,0.5005,1,0.8269565217391305,0.43333333333333357,0.6826086956521739,0.2866565217391304,1.0,6.123233995736766e-17
R05,2019,5,33.3,22.4,44.1,0.248,7.38,0.4096,59.8,26.4,Sinai,0.3927,0.4344,arid,MEDIUM,0.3264,1,0.8052173913043479,0.5249999999999998,0.52,0.28342739130434785,0.8660254037844387,-0.4999999999999998
R05,2019,6,32.3,0.0,29.0,0.2485,7.07,0.3052,50.3,41.4,Sinai,0.3927,0.4344,arid,MEDIUM,0.6186,1,1.0,0.44166666666666643,0.4373913043478261,0.254485,0.49999999999999994,-0.8660254037844387
R05,2019,7,21.5,18.2,30.0,0.4195,7.72,0.2739,44.8,14.6,Sinai,0.3927,0.4344,arid,LOW,0.0724,0,0.8417391304347827,0.0,0.38956521739130434,0.37227413043478264,1.2246467991473532e-16,-1.0
R05,2019,8,28.6,42.8,34.7,0.3682,6.83,0.2516,11.4,7.7,Sinai,0.3927,0.4344,arid,LOW,0.0356,0,0.6278260869565218,0.13333333333333344,0.0991304347826087,0.3761460869565218,-0.4999999999999997,-0.8660254037844388
R05,2019,9,22.2,42.3,34.7,0.5241,6.35,0.5177,52.2,2.4,Sinai,0.3927,0.4344,arid,LOW,0.0706,0,0.6321739130434783,0.0,0.4539130434782609,0.46123891304347825,-0.8660254037844385,-0.5000000000000004
R05,2019,10,23.0,59.8,44.4,0.4697,7.09,0.541,4.6,16.3,Sinai,0.3927,0.4344,arid,LOW,0.0598,0,0.48,0.0,0.039999999999999994,0.4541450000000001,-1.0,-1.8369701987210297e-16
R05,2019,11,26.1,62.5,50.5,0.6429,6.79,0.6468,63.1,20.3,Sinai,0.3927,0.4344,arid,LOW,0.069,0,0.4565217391304348,0.0,0.548695652173913,0.5529267391304349,-0.8660254037844386,0.5000000000000001
R05,2019,12,28.4,65.5,68.3,0.6136,6.57,0.6129,45.0,9.1,Sinai,0.3927,0.4344,arid,LOW,0.2868,0,0.4304347826086956,0.11666666666666654,0.391304347826087,0.5407247826086957,-0.5000000000000004,0.8660254037844384
R05,2020,1,25.7,39.4,64.6,0.739,8.04,0.7217,64.3,32.2,Sinai,0.3927,0.4344,arid,LOW,0.1284,0,0.6573913043478261,0.0,0.5591304347826087,0.5756513043478262,0.0,1.0
R05,2020,2,32.1,30.7,71.7,0.3572,7.45,0.715,36.3,37.1,Sinai,0.3927,0.4344,arid,LOW,0.0832,0,0.7330434782608696,0.4250000000000001,0.31565217391304345,0.3543134782608696,0.49999999999999994,0.8660254037844387
R05,2020,3,28.6,31.9,61.1,0.4871,7.59,0.6113,76.5,36.0,Sinai,0.3927,0.4344,arid,LOW,0.0737,0,0.722608695652174,0.13333333333333344,0.6652173913043479,0.42732369565217393,0.8660254037844386,0.5000000000000001
R05,2020,4,40.3,4.3,64.7,0.2913,6.9,0.3102,71.7,29.2,Sinai,0.3927,0.4344,arid,HIGH,0.8866,2,0.9626086956521739,1.0,0.6234782608695653,0.28363369565217394,1.0,6.123233995736766e-17
R05,2020,5,32.8,23.8,41.2,0.2676,7.29,0.4808,65.3,26.9,Sinai,0.3927,0.4344,arid,MEDIUM,0.6079,1,0.7930434782608695,0.4833333333333331,0.5678260869565217,0.29603347826086956,0.8660254037844387,-0.4999999999999998
R05,2020,6,31.8,12.7,47.2,0.05,7.52,0.5756,22.7,4.0,Sinai,0.3927,0.4344,arid,MEDIUM,0.4126,1,0.8895652173913043,0.4000000000000001,0.1973913043478261,0.16187521739130434,0.49999999999999994,-0.8660254037844387
R05,2020,7,26.6,34.7,23.6,0.2362,7.17,0.3809,31.5,12.0,Sinai,0.3927,0.4344,arid,LOW,0.0368,0,0.6982608695652174,0.0,0.27391304347826084,0.2929808695652174,1.2246467991473532e-16,-1.0
R05,2020,8,25.3,8.9,37.2,0.5439,6.69,0.3904,42.8,14.6,Sinai,0.3927,0.4344,arid,LOW,0.244,0,0.922608695652174,0.0,0.37217391304347824,0.428563695652174,-0.4999999999999997,-0.8660254037844388
R05,2020,9,28.0,33.8,38.0,0.304,6.93,0.42,51.8,22.3,Sinai,0.3927,0.4344,arid,LOW,0.3464,0,0.7060869565217391,0.08333333333333333,0.4504347826086956,0.3290969565217391,-0.8660254037844385,-0.5000000000000004
R05,2020,10,19.7,41.6,34.1,0.6617,8.1,0.5448,23.9,17.9,Sinai,0.3927,0.4344,arid,LOW,0.3045,0,0.6382608695652174,0.0,0.20782608695652172,0.5360058695652173,-1.0,-1.8369701987210297e-16
R05,2020,11,20.9,55.7,73.2,0.528,8.45,0.5322,29.8,18.5,Sinai,0.3927,0.4344,arid,LOW,0.0248,0,0.5156521739130435,0.0,0.2591304347826087,0.48086217391304353,-0.8660254037844386,0.5000000000000001
R05,2020,12,33.9,46.2,81.7,0.5315,6.31,0.7695,54.8,0.0,Sinai,0.3927,0.4344,arid,LOW,0.022,0,0.5982608695652174,0.5749999999999998,0.4765217391304348,0.4703958695652174,-0.5000000000000004,0.8660254037844384
R05,2021,1,28.7,50.1,74.3,0.6894,8.41,0.511,93.7,31.5,Sinai,0.3927,0.4344,arid,LOW,0.1268,0,0.5643478260869565,0.1416666666666666,0.8147826086956522,0.5623278260869566,0.0,1.0
R05,2021,2,30.7,46.7,63.2,0.675,7.24,0.7105,54.1,43.4,Sinai,0.3927,0.4344,arid,LOW,0.0898,0,0.5939130434782609,0.3083333333333333,0.47043478260869565,0.5499730434782609,0.49999999999999994,0.8660254037844387
R05,2021,3,28.1,11.8,66.5,0.2023,7.93,0.6537,59.8,28.0,Sinai,0.3927,0.4344,arid,LOW,0.1362,0,0.8973913043478261,0.09166666666666679,0.52,0.24446630434782612,0.8660254037844386,0.5000000000000001
R05,2021,4,32.2,16.1,50.1,0.2953,7.52,0.4235,55.7,37.2,Sinai,0.3927,0.4344,arid,MEDIUM,0.3665,1,0.86,0.43333333333333357,0.48434782608695653,0.301225,1.0,6.123233995736766e-17
R05,2021,5,34.7,20.4,33.4,0.1573,6.97,0.2397,55.9,21.2,Sinai,0.3927,0.4344,arid,MEDIUM,0.6878,1,0.8226086956521739,0.6416666666666669,0.4860869565217391,0.23093369565217392,0.8660254037844387,-0.4999999999999998
R05,2021,6,34.2,38.7,37.6,0.3034,7.8,0.3,68.1,20.7,Sinai,0.3927,0.4344,arid,LOW,0.2205,0,0.6634782608695652,0.6000000000000002,0.5921739130434782,0.33515826086956524,0.49999999999999994,-0.8660254037844387
R05,2021,7,30.9,36.3,41.3,0.2686,7.07,0.3828,41.7,22.0,Sinai,0.3927,0.4344,arid,LOW,0.1815,0,0.6843478260869565,0.3249999999999999,0.36260869565217396,0.31288782608695653,1.2246467991473532e-16,-1.0
R05,2021,8,27.3,34.0,37.9,0.2247,6.76,0.4753,75.1,14.5,Sinai,0.3927,0.4344,arid,LOW,0.1252,0,0.7043478260869565,0.02500000000000006,0.6530434782608695,0.28574282608695656,-0.4999999999999997,-0.8660254037844388
R05,2021,9,20.4,45.5,26.4,0.3923,8.21,0.4296,36.8,14.4,Sinai,0.3927,0.4344,arid,LOW,0.3367,0,0.6043478260869566,0.0,0.31999999999999995,0.3929228260869565,-0.8660254037844385,-0.5000000000000004
R05,2021,10,20.6,64.6,58.4,0.3889,7.81,0.5631,56.7,11.2,Sinai,0.3927,0.4344,arid,LOW,0.2566,0,0.4382608695652175,0.0,0.4930434782608696,0.4159658695652174,-1.0,-1.8369701987210297e-16
R05,2021,11,28.1,48.2,48.5,0.6604,7.8,0.5097,38.3,7.7,Sinai,0.3927,0.4344,arid,LOW,0.0315,0,0.5808695652173913,0.09166666666666679,0.33304347826086955,0.5438995652173914,-0.8660254037844386,0.5000000000000001
R05,2021,12,24.8,56.5,68.1,0.5847,7.11,0.5008,32.2,19.9,Sinai,0.3927,0.4344,arid,LOW,0.2827,0,0.508695652173913,0.0,0.28,0.513090652173913,-0.5000000000000004,0.8660254037844384
R05,2022,1,31.4,46.9,73.5,0.5416,7.87,0.6737,56.7,41.1,Sinai,0.3927,0.4344,arid,LOW,0.2529,0,0.5921739130434782,0.36666666666666653,0.4930434782608696,0.47686391304347825,0.0,1.0
R05,2022,2,27.5,51.8,67.4,0.3385,6.42,0.7964,71.0,20.7,Sinai,0.3927,0.4344,arid,LOW,0.2009,0,0.5495652173913044,0.041666666666666664,0.6173913043478261,0.3715502173913044,0.49999999999999994,0.8660254037844387
R05,2022,3,30.1,31.5,58.2,0.3892,6.88,0.5476,54.1,37.9,Sinai,0.3927,0.4344,arid,LOW,0.3483,0,0.7260869565217392,0.25833333333333347,0.47043478260869565,0.3729569565217391,0.8660254037844386,0.5000000000000001
R05,2022,4,32.2,51.6,49.0,0.1227,7.91,0.4607,79.9,24.2,Sinai,0.3927,0.4344,arid,MEDIUM,0.6513,1,0.551304347826087,0.43333333333333357,0.6947826086956522,0.25259934782608695,1.0,6.123233995736766e-17
R05,2022,5,31.6,0.0,31.1,0.3909,7.23,0.568,50.9,29.0,Sinai,0.3927,0.4344,arid,MEDIUM,0.5528,1,1.0,0.38333333333333347,0.4426086956521739,0.332805,0.8660254037844387,-0.4999999999999998
R05,2022,6,29.7,4.7,46.5,0.2308,7.63,0.442,35.1,19.1,Sinai,0.3927,0.4344,arid,LOW,0.0321,0,0.9591304347826087,0.22499999999999995,0.30521739130434783,0.2508804347826087,0.49999999999999994,-0.8660254037844387
R05,2022,7,27.5,37.0,30.6,0.3016,7.37,0.3267,76.6,14.7,Sinai,0.3927,0.4344,arid,LOW,0.0489,0,0.6782608695652175,0.041666666666666664,0.6660869565217391,0.33195086956521735,1.2246467991473532e-16,-1.0
R05,2022,8,25.6,23.7,32.7,0.5299,6.75,0.3705,25.4,15.3,Sinai,0.3927,0.4344,arid,LOW,0.216,0,0.7939130434782609,0.0,0.2208695652173913,0.4401680434782609,-0.4999999999999997,-0.8660254037844388
R05,2022,9,28.8,0.2,20.0,0.4018,7.4,0.3821,27.9,1.9,Sinai,0.3927,0.4344,arid,LOW,0.2763,0,0.9982608695652174,0.15000000000000005,0.2426086956521739,0.33906086956521736,-0.8660254037844385,-0.5000000000000004
R05,2022,10,21.4,45.2,56.9,0.5378,7.12,0.3418,47.5,24.9,Sinai,0.3927,0.4344,arid,LOW,0.066,0,0.6069565217391304,0.0,0.41304347826086957,0.47255652173913043,-1.0,-1.8369701987210297e-16
R05,2022,11,25.1,46.6,70.2,0.5744,6.65,0.4016,37.8,17.0,Sinai,0.3927,0.4344,arid,LOW,0.2813,0,0.5947826086956521,0.0,0.328695652173913,0.4945126086956522,-0.8660254037844386,0.5000000000000001
R05,2022,12,28.6,57.8,76.9,0.6164,7.44,0.6826,35.6,22.8,Sinai,0.3927,0.4344,arid,LOW,0.0498,0,0.4973913043478261,0.13333333333333344,0.3095652173913044,0.532221304347826,-0.5000000000000004,0.8660254037844384
R05,2023,1,28.8,43.9,77.0,0.6413,6.23,0.5139,49.1,18.8,Sinai,0.3927,0.4344,arid,LOW,0.1208,0,0.6182608695652174,0.15000000000000005,0.42695652173913046,0.5277858695652173,0.0,1.0
R05,2023,2,30.8,45.0,82.1,0.7368,6.68,0.691,91.4,31.7,Sinai,0.3927,0.4344,arid,MEDIUM,0.5915,1,0.6086956521739131,0.3166666666666667,0.7947826086956522,0.581745652173913,0.49999999999999994,0.8660254037844387
R05,2023,3,25.0,13.7,48.1,0.3176,7.24,0.5117,73.6,34.0,Sinai,0.3927,0.4344,arid,MEDIUM,0.4263,1,0.8808695652173913,0.0,0.6399999999999999,0.31035956521739133,0.8660254037844386,0.5000000000000001
R05,2023,4,31.9,21.2,34.9,0.3674,7.27,0.4552,74.6,20.7,Sinai,0.3927,0.4344,arid,MEDIUM,0.3574,1,0.8156521739130435,0.4083333333333332,0.648695652173913,0.34753217391304353,1.0,6.123233995736766e-17
R05,2023,5,29.4,4.8,64.6,0.1008,7.33,0.3037,61.6,17.8,Sinai,0.3927,0.4344,arid,MEDIUM,0.6724,1,0.9582608695652174,0.19999999999999987,0.5356521739130435,0.17951086956521742,0.8660254037844387,-0.4999999999999998
R05,2023,6,35.9,8.8,29.0,0.2513,8.51,0.5051,56.6,18.7,Sinai,0.3927,0.4344,arid,MEDIUM,0.5017,1,0.9234782608695652,0.7416666666666666,0.4921739130434783,0.2675032608695653,0.49999999999999994,-0.8660254037844387
R05,2023,7,24.6,0.0,28.8,0.313,7.16,0.1561,36.8,2.4,Sinai,0.3927,0.4344,arid,LOW,0.1196,0,1.0,0.0,0.31999999999999995,0.28996,1.2246467991473532e-16,-1.0
R05,2023,8,22.5,23.7,16.7,0.1413,7.84,0.2911,39.2,10.4,Sinai,0.3927,0.4344,arid,LOW,0.1062,0,0.7939130434782609,0.0,0.3408695652173913,0.22643804347826088,-0.4999999999999997,-0.8660254037844388
R05,2023,9,21.4,37.2,43.7,0.3161,7.12,0.3188,6.6,17.1,Sinai,0.3927,0.4344,arid,LOW,0.0612,0,0.6765217391304348,0.0,0.057391304347826085,0.3401867391304348,-0.8660254037844385,-0.5000000000000004
R05,2023,10,24.3,25.2,58.5,0.3528,7.17,0.4108,51.5,36.2,Sinai,0.3927,0.4344,arid,MEDIUM,0.6952,1,0.7808695652173914,0.0,0.44782608695652176,0.34471956521739133,-1.0,-1.8369701987210297e-16
R05,2023,11,21.3,61.8,59.9,0.4843,6.81,0.6272,36.6,15.7,Sinai,0.3927,0.4344,arid,LOW,0.0056,0,0.4626086956521739,0.0,0.31826086956521743,0.464783695652174,-0.8660254037844386,0.5000000000000001
R05,2023,12,21.4,50.3,71.0,0.5721,7.11,0.6896,33.4,25.7,Sinai,0.3927,0.4344,arid,LOW,0.0165,0,0.5626086956521739,0.0,0.29043478260869565,0.498073695652174,-0.5000000000000004,0.8660254037844384
R05,2024,1,29.8,50.2,85.3,0.5562,7.06,0.697,60.5,20.4,Sinai,0.3927,0.4344,arid,LOW,0.3202,0,0.5634782608695652,0.2333333333333334,0.5260869565217391,0.4891982608695652,0.0,1.0
R05,2024,2,33.5,41.2,74.8,0.5802,7.13,0.638,60.4,12.2,Sinai,0.3927,0.4344,arid,MEDIUM,0.684,1,0.6417391304347826,0.5416666666666666,0.5252173913043479,0.4906591304347827,0.49999999999999994,0.8660254037844387
R05,2024,3,38.1,64.4,47.7,0.3062,6.77,0.6519,78.9,20.8,Sinai,0.3927,0.4344,arid,MEDIUM,0.46,1,0.43999999999999995,0.9250000000000002,0.6860869565217392,0.37022000000000005,0.8660254037844386,0.5000000000000001
R05,2024,4,30.2,47.3,39.4,0.3534,7.43,0.5281,62.5,12.6,Sinai,0.3927,0.4344,arid,LOW,0.2898,0,0.5886956521739131,0.2666666666666666,0.5434782608695652,0.37387565217391305,1.0,6.123233995736766e-17
R05,2024,5,28.4,26.25,44.2,0.2323,7.55,0.5185,48.8,17.8,Sinai,0.3927,0.4344,arid,MEDIUM,0.6451,1,0.7717391304347826,0.11666666666666654,0.4243478260869565,0.27981413043478265,0.8660254037844387,-0.4999999999999998
R05,2024,6,30.2,5.2,25.9,0.3093,7.15,0.5088,49.8,19.8,Sinai,0.3927,0.4344,arid,MEDIUM,0.6009,1,0.9547826086956521,0.2666666666666666,0.43304347826086953,0.29470760869565216,0.49999999999999994,-0.8660254037844387
R05,2024,7,25.9,4.5,52.8,0.2542,7.52,0.3782,64.1,18.9,Sinai,0.3927,0.4344,arid,MEDIUM,0.4014,1,0.9608695652173913,0.0,0.557391304347826,0.26348956521739125,1.2246467991473532e-16,-1.0
R05,2024,8,26.4,38.3,27.8,0.3296,6.83,0.4402,51.4,23.6,Sinai,0.3927,0.4344,arid,MEDIUM,0.6232,1,0.6669565217391304,0.0,0.4469565217391304,0.3490465217391305,-0.4999999999999997,-0.8660254037844388
R05,2024,9,23.1,24.3,13.5,0.7414,7.01,0.4321,43.5,12.8,Sinai,0.3927,0.4344,arid,MEDIUM,0.5896,1,0.788695652173913,0.0,0.3782608695652174,0.5572756521739131,-0.8660254037844385,-0.5000000000000004
R05,2024,10,18.9,17.8,27.5,0.4465,6.96,0.6544,52.1,24.6,Sinai,0.3927,0.4344,arid,LOW,0.2359,0,0.8452173913043478,0.0,0.4530434782608696,0.3866023913043478,-1.0,-1.8369701987210297e-16
R05,2024,11,20.1,72.2,59.6,0.4924,6.96,0.4163,52.2,8.4,Sinai,0.3927,0.4344,arid,LOW,0.274,0,0.37217391304347824,0.0,0.4539130434782609,0.4828039130434783,-0.8660254037844386,0.5000000000000001
R05,2024,12,29.4,61.2,75.1,0.5091,6.35,0.6931,37.4,21.8,Sinai,0.3927,0.4344,arid,LOW,0.2607,0,0.4678260869565217,0.19999999999999987,0.3252173913043478,0.47764108695652174,-0.5000000000000004,0.8660254037844384
R05,2025,1,25.3,60.2,77.3,0.9,7.02,0.4833,69.2,26.8,Sinai,0.3927,0.4344,arid,LOW,0.1134,0,0.4765217391304347,0.0,0.6017391304347827,0.6913317391304349,0.0,1.0
R05,2025,2,28.8,53.4,73.0,0.608,6.84,0.7598,80.0,38.5,Sinai,0.3927,0.4344,arid,LOW,0.0805,0,0.5356521739130435,0.15000000000000005,0.6956521739130435,0.5218621739130435,0.49999999999999994,0.8660254037844387
R05,2025,3,30.7,18.2,48.2,0.3662,6.88,0.5572,83.0,36.6,Sinai,0.3927,0.4344,arid,MEDIUM,0.5476,1,0.8417391304347827,0.3083333333333333,0.7217391304347827,0.34295913043478266,0.8660254037844386,0.5000000000000001
R05,2025,4,33.3,29.9,42.1,0.3909,7.09,0.4503,47.4,27.9,Sinai,0.3927,0.4344,arid,MEDIUM,0.6435,1,0.74,0.5249999999999998,0.4121739130434782,0.371805,1.0,6.123233995736766e-17
R05,2025,5,32.4,26.2,46.2,0.2029,6.56,0.4647,48.4,6.8,Sinai,0.3927,0.4344,arid,MEDIUM,0.3188,1,0.7721739130434783,0.4499999999999999,0.4208695652173913,0.2635789130434783,0.8660254037844387,-0.4999999999999998
R05,2025,6,35.2,34.2,22.7,0.05,6.98,0.446,45.7,26.6,Sinai,0.3927,0.4344,arid,MEDIUM,0.6366,1,0.7026086956521739,0.6833333333333336,0.3973913043478261,0.1899186956521739,0.49999999999999994,-0.8660254037844387
R05,2025,7,33.1,9.7,40.4,0.2632,7.5,0.3435,49.4,29.2,Sinai,0.3927,0.4344,arid,MEDIUM,0.4573,1,0.9156521739130434,0.5083333333333334,0.4295652173913043,0.27522217391304343,1.2246467991473532e-16,-1.0
R05,2025,8,25.7,18.8,14.6,0.4404,7.66,0.4147,39.7,31.6,Sinai,0.3927,0.4344,arid,MEDIUM,0.4329,1,0.8365217391304348,0.0,0.34521739130434786,0.3845517391304348,-0.4999999999999997,-0.8660254037844388
R05,2025,9,23.2,11.6,49.7,0.5113,7.58,0.3811,37.7,13.3,Sinai,0.3927,0.4344,arid,MEDIUM,0.4907,1,0.8991304347826087,0.0,0.32782608695652177,0.41415543478260863,-0.8660254037844385,-0.5000000000000004
R05,2025,10,27.6,33.0,53.0,0.3387,7.41,0.5546,17.8,24.9,Sinai,0.3927,0.4344,arid,MEDIUM,0.561,1,0.7130434782608696,0.05000000000000012,0.1547826086956522,0.3471384782608696,-1.0,-1.8369701987210297e-16
R05,2025,11,21.5,42.9,67.7,0.7041,6.73,0.4844,35.0,14.8,Sinai,0.3927,0.4344,arid,LOW,0.3383,0,0.6269565217391304,0.0,0.30434782608695654,0.5610215217391304,-0.8660254037844386,0.5000000000000001
R05,2025,12,25.4,81.1,62.5,0.6552,7.16,0.4413,69.2,33.3,Sinai,0.3927,0.4344,arid,LOW,0.2786,0,0.2947826086956522,0.0,0.6017391304347827,0.5839526086956521,-0.5000000000000004,0.8660254037844384
R06,2019,1,32.5,53.8,78.0,0.6182,6.42,0.5555,74.5,24.0,Western Desert,0.3743,0.672,hyper_arid,MEDIUM,0.5553,1,0.5321739130434783,0.4583333333333333,0.6478260869565218,0.5224739130434783,0.0,1.0
R06,2019,2,30.7,44.3,66.2,0.6622,8.26,0.5083,62.2,27.5,Western Desert,0.3743,0.672,hyper_arid,LOW,0.3112,0,0.6147826086956523,0.3083333333333333,0.5408695652173914,0.5342826086956523,0.49999999999999994,0.8660254037844387
R06,2019,3,31.3,44.9,66.5,0.3605,7.37,0.7531,76.7,39.4,Western Desert,0.3743,0.672,hyper_arid,MEDIUM,0.3623,1,0.6095652173913044,0.3583333333333334,0.6669565217391304,0.3691302173913043,0.8660254037844386,0.5000000000000001
R06,2019,4,36.3,48.1,64.5,0.2409,7.11,0.6549,68.5,39.8,Western Desert,0.3743,0.672,hyper_arid,MEDIUM,0.6845,1,0.5817391304347825,0.7749999999999998,0.5956521739130435,0.3075241304347826,1.0,6.123233995736766e-17
R06,2019,5,32.7,23.3,33.8,0.1818,7.71,0.2773,71.0,18.1,Western Desert,0.3743,0.672,hyper_arid,MEDIUM,0.5135,1,0.797391304347826,0.47500000000000026,0.6173913043478261,0.24267130434782608,0.8660254037844387,-0.4999999999999998
R06,2019,6,32.1,6.0,48.9,0.1795,6.52,0.2646,62.4,29.6,Western Desert,0.3743,0.672,hyper_arid,MEDIUM,0.5121,1,0.9478260869565217,0.4250000000000001,0.542608695652174,0.21884108695652174,0.49999999999999994,-0.8660254037844387
R06,2019,7,30.6,14.4,41.9,0.3275,7.33,0.3181,72.5,22.6,Western Desert,0.3743,0.672,hyper_arid,MEDIUM,0.3694,1,0.8747826086956522,0.3000000000000001,0.6304347826086957,0.3111976086956522,1.2246467991473532e-16,-1.0
R06,2019,8,20.5,0.0,40.6,0.2102,7.24,0.4002,37.4,10.3,Western Desert,0.3743,0.672,hyper_arid,MEDIUM,0.5565,1,1.0,0.0,0.3252173913043478,0.2279,-0.4999999999999997,-0.8660254037844388
R06,2019,9,25.4,38.8,26.7,0.5179,6.04,0.3418,43.6,26.5,Western Desert,0.3743,0.672,hyper_arid,LOW,0.1097,0,0.662608695652174,0.0,0.3791304347826087,0.4477436956521739,-0.8660254037844385,-0.5000000000000004
R06,2019,10,24.4,75.1,58.2,0.5191,7.3,0.5403,43.5,19.6,Western Desert,0.3743,0.672,hyper_arid,LOW,0.1771,0,0.3469565217391305,0.0,0.3782608695652174,0.49575152173913045,-1.0,-1.8369701987210297e-16
R06,2019,11,25.7,45.7,56.1,0.6053,7.2,0.5223,43.3,17.4,Western Desert,0.3743,0.672,hyper_arid,LOW,0.0155,0,0.6026086956521739,0.0,0.37652173913043474,0.5048136956521739,-0.8660254037844386,0.5000000000000001
R06,2019,12,20.6,58.9,75.8,0.5705,7.92,0.5567,47.6,25.1,Western Desert,0.3743,0.672,hyper_arid,LOW,0.1356,0,0.48782608695652174,0.0,0.41391304347826086,0.5028910869565217,-0.5000000000000004,0.8660254037844384
R06,2020,1,24.8,42.4,58.4,0.5657,7.44,0.806,83.3,25.0,Western Desert,0.3743,0.672,hyper_arid,LOW,0.1268,0,0.6313043478260869,0.0,0.7243478260869565,0.47872934782608695,0.0,1.0
R06,2020,2,29.1,45.8,46.5,0.464,7.83,0.7531,63.8,21.1,Western Desert,0.3743,0.672,hyper_arid,LOW,0.0265,0,0.6017391304347826,0.17500000000000013,0.5547826086956521,0.42722913043478267,0.49999999999999994,0.8660254037844387
R06,2020,3,35.7,46.3,57.5,0.3923,7.24,0.5421,75.7,37.9,Western Desert,0.3743,0.672,hyper_arid,MEDIUM,0.3662,1,0.5973913043478261,0.7250000000000002,0.6582608695652175,0.38844630434782607,0.8660254037844386,0.5000000000000001
R06,2020,4,27.1,10.1,62.3,0.2693,7.78,0.5231,87.4,25.6,Western Desert,0.3743,0.672,hyper_arid,MEDIUM,0.4521,1,0.9121739130434783,0.008333333333333451,0.76,0.27357891304347826,1.0,6.123233995736766e-17
R06,2020,5,25.5,12.5,28.2,0.255,6.79,0.3283,66.1,18.8,Western Desert,0.3743,0.672,hyper_arid,MEDIUM,0.4855,1,0.8913043478260869,0.0,0.5747826086956521,0.26884434782608696,0.8660254037844387,-0.4999999999999998
R06,2020,6,34.4,4.9,36.7,0.4572,7.26,0.2926,57.9,18.5,Western Desert,0.3743,0.672,hyper_arid,MEDIUM,0.3605,1,0.957391304347826,0.6166666666666666,0.5034782608695652,0.3701413043478261,0.49999999999999994,-0.8660254037844387
R06,2020,7,31.2,45.2,28.0,0.3985,7.49,0.4078,43.4,14.2,Western Desert,0.3743,0.672,hyper_arid,MEDIUM,0.684,1,0.6069565217391304,0.3499999999999999,0.3773913043478261,0.3904215217391305,1.2246467991473532e-16,-1.0
R06,2020,8,28.1,2.7,44.6,0.2834,7.19,0.3531,43.8,9.6,Western Desert,0.3743,0.672,hyper_arid,MEDIUM,0.5709,1,0.9765217391304348,0.09166666666666679,0.3808695652173913,0.2716817391304348,-0.4999999999999997,-0.8660254037844388
R06,2020,9,22.9,26.6,39.8,0.2341,7.31,0.4546,31.4,26.7,Western Desert,0.3743,0.672,hyper_arid,LOW,0.3429,0,0.768695652173913,0.0,0.27304347826086955,0.2757406521739131,-0.8660254037844385,-0.5000000000000004
R06,2020,10,19.8,48.4,59.7,0.7221,7.39,0.2666,77.7,6.4,Western Desert,0.3743,0.672,hyper_arid,LOW,0.0396,0,0.5791304347826087,0.0,0.6756521739130436,0.5725754347826087,-1.0,-1.8369701987210297e-16
R06,2020,11,26.0,28.5,58.8,0.5619,8.72,0.6616,23.6,12.3,Western Desert,0.3743,0.672,hyper_arid,LOW,0.0041,0,0.7521739130434782,0.0,0.20521739130434785,0.4585089130434783,-0.8660254037844386,0.5000000000000001
R06,2020,12,29.2,26.8,56.6,0.5027,7.65,0.5557,48.5,31.2,Western Desert,0.3743,0.672,hyper_arid,LOW,0.1598,0,0.7669565217391304,0.18333333333333326,0.4217391304347826,0.4237315217391305,-0.5000000000000004,0.8660254037844384
R06,2021,1,32.1,56.4,74.1,0.4107,7.18,0.6592,66.4,28.3,Western Desert,0.3743,0.672,hyper_arid,MEDIUM,0.6166,1,0.5095652173913043,0.4250000000000001,0.5773913043478262,0.41174021739130434,0.0,1.0
R06,2021,2,37.6,52.0,73.9,0.2753,6.78,0.6309,70.9,22.5,Western Desert,0.3743,0.672,hyper_arid,MEDIUM,0.6514,1,0.5478260869565217,0.8833333333333334,0.6165217391304348,0.3315310869565217,0.49999999999999994,0.8660254037844387
R06,2021,3,42.0,31.8,52.0,0.351,7.55,0.4535,61.3,26.8,Western Desert,0.3743,0.672,hyper_arid,MEDIUM,0.3114,1,0.7234782608695652,1.0,0.5330434782608695,0.34681826086956524,0.8660254037844386,0.5000000000000001
R06,2021,4,35.8,31.6,44.7,0.3857,6.76,0.6643,39.2,14.7,Western Desert,0.3743,0.672,hyper_arid,MEDIUM,0.4356,1,0.7252173913043478,0.7333333333333331,0.3408695652173913,0.36564239130434784,1.0,6.123233995736766e-17
R06,2021,5,30.7,52.3,43.3,0.05,6.8,0.4667,40.7,26.1,Western Desert,0.3743,0.672,hyper_arid,LOW,0.2454,0,0.5452173913043479,0.3083333333333333,0.3539130434782609,0.2080073913043478,0.8660254037844387,-0.4999999999999998
R06,2021,6,29.8,28.7,31.6,0.3997,7.51,0.4264,53.7,20.9,Western Desert,0.3743,0.672,hyper_arid,LOW,0.3005,0,0.7504347826086957,0.2333333333333334,0.46695652173913044,0.36955978260869565,0.49999999999999994,-0.8660254037844387
R06,2021,7,28.7,26.1,17.1,0.2289,6.84,0.301,14.9,1.2,Western Desert,0.3743,0.672,hyper_arid,LOW,0.1524,0,0.7730434782608695,0.1416666666666666,0.12956521739130436,0.2722284782608696,1.2246467991473532e-16,-1.0
R06,2021,8,28.1,53.7,37.3,0.1546,6.71,0.4103,47.0,0.0,Western Desert,0.3743,0.672,hyper_arid,LOW,0.1267,0,0.5330434782608695,0.09166666666666679,0.40869565217391307,0.2673634782608696,-0.4999999999999997,-0.8660254037844388
R06,2021,9,24.0,27.4,35.9,0.2652,7.51,0.2948,53.4,0.0,Western Desert,0.3743,0.672,hyper_arid,LOW,0.0461,0,0.7617391304347826,0.0,0.4643478260869565,0.2938891304347826,-0.8660254037844385,-0.5000000000000004
R06,2021,10,23.7,39.3,59.2,0.5356,7.11,0.6407,49.7,8.9,Western Desert,0.3743,0.672,hyper_arid,LOW,0.2895,0,0.6582608695652175,0.0,0.4321739130434783,0.45813086956521737,-1.0,-1.8369701987210297e-16
R06,2021,11,20.0,65.3,56.2,0.6121,7.97,0.4994,58.2,45.7,Western Desert,0.3743,0.672,hyper_arid,LOW,0.2001,0,0.4321739130434783,0.0,0.5060869565217392,0.5341189130434782,-0.8660254037844386,0.5000000000000001
R06,2021,12,28.1,38.1,80.6,0.6067,6.86,0.5885,15.9,29.6,Western Desert,0.3743,0.672,hyper_arid,LOW,0.3297,0,0.668695652173913,0.09166666666666679,0.13826086956521738,0.49567065217391304,-0.5000000000000004,0.8660254037844384
R06,2022,1,33.2,66.7,54.9,0.5418,6.99,0.5284,30.4,30.3,Western Desert,0.3743,0.672,hyper_arid,LOW,0.1081,0,0.41999999999999993,0.5166666666666669,0.2643478260869565,0.49728,0.0,1.0
R06,2022,2,34.5,51.1,51.3,0.3304,6.18,0.5243,59.9,29.0,Western Desert,0.3743,0.672,hyper_arid,LOW,0.3177,0,0.5556521739130434,0.625,0.5208695652173913,0.36066217391304345,0.49999999999999994,0.8660254037844387
R06,2022,3,33.8,40.5,65.6,0.4753,6.55,0.4382,51.3,33.2,Western Desert,0.3743,0.672,hyper_arid,MEDIUM,0.6102,1,0.6478260869565218,0.5666666666666664,0.44608695652173913,0.42653108695652175,0.8660254037844386,0.5000000000000001
R06,2022,4,35.0,29.4,64.7,0.5149,7.03,0.5321,41.3,33.9,Western Desert,0.3743,0.672,hyper_arid,MEDIUM,0.3116,1,0.7443478260869565,0.6666666666666666,0.3591304347826087,0.43383282608695656,1.0,6.123233995736766e-17
R06,2022,5,37.5,0.0,36.8,0.3039,7.68,0.2728,51.4,8.8,Western Desert,0.3743,0.672,hyper_arid,HIGH,0.6133,2,1.0,0.875,0.4469565217391304,0.279435,0.8660254037844387,-0.4999999999999998
R06,2022,6,31.5,0.0,33.6,0.1723,6.54,0.6147,73.9,15.5,Western Desert,0.3743,0.672,hyper_arid,MEDIUM,0.6152,1,1.0,0.375,0.6426086956521739,0.20705500000000002,0.49999999999999994,-0.8660254037844387
R06,2022,7,33.2,1.4,33.4,0.05,6.83,0.2459,71.1,22.8,Western Desert,0.3743,0.672,hyper_arid,MEDIUM,0.6926,1,0.9878260869565217,0.5166666666666669,0.6182608695652173,0.14161608695652173,1.2246467991473532e-16,-1.0
R06,2022,8,24.3,14.9,47.5,0.1204,8.03,0.6123,25.0,11.3,Western Desert,0.3743,0.672,hyper_arid,LOW,0.3122,0,0.8704347826086957,0.0,0.21739130434782608,0.19794478260869566,-0.4999999999999997,-0.8660254037844388
R06,2022,9,23.5,41.9,21.3,0.3429,6.69,0.2013,36.8,25.3,Western Desert,0.3743,0.672,hyper_arid,LOW,0.346,0,0.6356521739130435,0.0,0.31999999999999995,0.3555371739130435,-0.8660254037844385,-0.5000000000000004
R06,2022,10,30.1,54.0,48.2,0.4707,7.19,0.4349,43.6,17.4,Western Desert,0.3743,0.672,hyper_arid,LOW,0.2474,0,0.5304347826086957,0.25833333333333347,0.3791304347826087,0.44160978260869566,-1.0,-1.8369701987210297e-16
R06,2022,11,26.9,31.2,71.8,0.5998,7.55,0.6073,39.5,19.6,Western Desert,0.3743,0.672,hyper_arid,LOW,0.1556,0,0.728695652173913,0.0,0.34347826086956523,0.4828756521739131,-0.8660254037844386,0.5000000000000001
R06,2022,12,26.0,51.9,62.4,0.5621,6.8,0.6965,69.6,24.0,Western Desert,0.3743,0.672,hyper_arid,LOW,0.2837,0,0.548695652173913,0.0,0.6052173913043478,0.4891406521739131,-0.5000000000000004,0.8660254037844384
R06,2023,1,27.8,62.7,72.6,0.5747,7.79,0.729,51.6,22.4,Western Desert,0.3743,0.672,hyper_arid,LOW,0.0456,0,0.4547826086956521,0.06666666666666672,0.44869565217391305,0.5101576086956522,0.0,1.0
R06,2023,2,34.0,44.9,72.5,0.3294,6.63,0.5543,54.7,16.8,Western Desert,0.3743,0.672,hyper_arid,MEDIUM,0.3642,1,0.6095652173913044,0.5833333333333334,0.4756521739130435,0.3520252173913044,0.49999999999999994,0.8660254037844387
R06,2023,3,32.6,68.4,44.3,0.2732,7.73,0.6101,53.7,38.9,Western Desert,0.3743,0.672,hyper_arid,MEDIUM,0.4711,1,0.40521739130434775,0.4666666666666668,0.46695652173913044,0.35176739130434787,0.8660254037844386,0.5000000000000001
R06,2023,4,38.3,45.5,41.5,0.4319,7.55,0.5209,59.9,29.6,Western Desert,0.3743,0.672,hyper_arid,MEDIUM,0.6231,1,0.6043478260869566,0.9416666666666664,0.5208695652173913,0.4091828260869565,1.0,6.123233995736766e-17
R06,2023,5,40.5,32.6,49.7,0.3708,7.58,0.4318,20.3,24.5,Western Desert,0.3743,0.672,hyper_arid,MEDIUM,0.5816,1,0.7165217391304348,1.0,0.17652173913043478,0.3587517391304348,0.8660254037844387,-0.4999999999999998
R06,2023,6,32.1,11.7,30.6,0.3777,7.41,0.3397,47.6,12.1,Western Desert,0.3743,0.672,hyper_arid,MEDIUM,0.4455,1,0.8982608695652174,0.4250000000000001,0.41391304347826086,0.3352858695652174,0.49999999999999994,-0.8660254037844387
R06,2023,7,30.7,38.7,31.8,0.1263,7.7,0.4737,45.2,9.1,Western Desert,0.3743,0.672,hyper_arid,LOW,0.0184,0,0.6634782608695652,0.3083333333333333,0.3930434782608696,0.23223326086956522,1.2246467991473532e-16,-1.0
R06,2023,8,24.3,37.4,41.9,0.2939,8.0,0.1731,5.2,19.4,Western Desert,0.3743,0.672,hyper_arid,LOW,0.1801,0,0.6747826086956522,0.0,0.04521739130434783,0.3227176086956522,-0.4999999999999997,-0.8660254037844388
R06,2023,9,27.1,46.2,37.3,0.3933,7.33,0.3523,38.6,10.6,Western Desert,0.3743,0.672,hyper_arid,LOW,0.0315,0,0.5982608695652174,0.008333333333333451,0.3356521739130435,0.3888658695652174,-0.8660254037844385,-0.5000000000000004
R06,2023,10,21.7,32.0,33.6,0.7861,7.32,0.4592,22.5,4.2,Western Desert,0.3743,0.672,hyper_arid,LOW,0.2352,0,0.7217391304347827,0.0,0.1956521739130435,0.5863841304347827,-1.0,-1.8369701987210297e-16
R06,2023,11,25.9,51.1,55.6,0.5763,6.35,0.499,45.9,32.9,Western Desert,0.3743,0.672,hyper_arid,LOW,0.1731,0,0.5556521739130434,0.0,0.3991304347826087,0.4959071739130435,-0.8660254037844386,0.5000000000000001
R06,2023,12,18.1,36.3,78.5,0.718,7.04,0.547,53.0,12.9,Western Desert,0.3743,0.672,hyper_arid,LOW,0.2849,0,0.6843478260869565,0.0,0.4608695652173913,0.5545378260869566,-0.5000000000000004,0.8660254037844384
R06,2024,1,27.5,57.7,56.1,0.7303,8.02,0.7017,60.9,26.5,Western Desert,0.3743,0.672,hyper_arid,LOW,0.0525,0,0.4982608695652173,0.041666666666666664,0.5295652173913044,0.5892158695652173,0.0,1.0
R06,2024,2,36.3,42.8,70.2,0.4454,7.23,0.5495,76.0,32.9,Western Desert,0.3743,0.672,hyper_arid,MEDIUM,0.4094,1,0.6278260869565218,0.7749999999999998,0.6608695652173913,0.41308608695652177,0.49999999999999994,0.8660254037844387
R06,2024,3,40.8,57.7,56.9,0.2806,6.83,0.5132,20.2,31.3,Western Desert,0.3743,0.672,hyper_arid,MEDIUM,0.4311,1,0.4982608695652173,1.0,0.17565217391304347,0.3418808695652174,0.8660254037844386,0.5000000000000001
R06,2024,4,32.7,20.1,55.1,0.1758,6.57,0.5219,47.9,12.6,Western Desert,0.3743,0.672,hyper_arid,MEDIUM,0.6323,1,0.8252173913043478,0.47500000000000026,0.4165217391304348,0.23519739130434783,1.0,6.123233995736766e-17
R06,2024,5,33.5,11.8,54.7,0.2549,8.2,0.3582,54.7,23.3,Western Desert,0.3743,0.672,hyper_arid,MEDIUM,0.565,1,0.8973913043478261,0.5416666666666666,0.4756521739130435,0.2678763043478261,0.8660254037844387,-0.4999999999999998
R06,2024,6,31.7,49.5,33.6,0.2355,7.51,0.3447,25.4,21.6,Western Desert,0.3743,0.672,hyper_arid,MEDIUM,0.312,1,0.5695652173913044,0.3916666666666666,0.2208695652173913,0.30638021739130433,0.49999999999999994,-0.8660254037844387
R06,2024,7,34.9,23.0,39.6,0.3161,7.74,0.3827,54.0,13.4,Western Desert,0.3743,0.672,hyper_arid,MEDIUM,0.5453,1,0.8,0.6583333333333332,0.46956521739130436,0.31614499999999995,1.2246467991473532e-16,-1.0
R06,2024,8,24.8,12.2,37.3,0.2693,7.17,0.2333,24.0,4.2,Western Desert,0.3743,0.672,hyper_arid,MEDIUM,0.3807,1,0.8939130434782608,0.0,0.20869565217391303,0.2763180434782609,-0.4999999999999997,-0.8660254037844388
R06,2024,9,28.1,35.6,27.1,0.3033,7.04,0.3126,50.4,1.0,Western Desert,0.3743,0.672,hyper_arid,MEDIUM,0.3576,1,0.6904347826086956,0.09166666666666679,0.43826086956521737,0.3255397826086957,-0.8660254037844385,-0.5000000000000004
R06,2024,10,20.4,23.6,32.3,0.5528,7.95,0.4092,53.0,14.7,Western Desert,0.3743,0.672,hyper_arid,MEDIUM,0.4257,1,0.7947826086956522,0.0,0.4608695652173913,0.44711260869565217,-1.0,-1.8369701987210297e-16
R06,2024,11,25.5,69.2,59.9,0.6072,6.83,0.5445,41.1,6.3,Western Desert,0.3743,0.672,hyper_arid,LOW,0.2741,0,0.39826086956521733,0.0,0.3573913043478261,0.5365108695652174,-0.8660254037844386,0.5000000000000001
R06,2024,12,20.2,52.1,65.7,0.5172,7.65,0.562,47.8,28.9,Western Desert,0.3743,0.672,hyper_arid,LOW,0.3035,0,0.5469565217391303,0.0,0.41565217391304343,0.4647065217391305,-0.5000000000000004,0.8660254037844384
R06,2025,1,35.8,30.5,66.1,0.6946,7.23,0.585,37.5,30.9,Western Desert,0.3743,0.672,hyper_arid,MEDIUM,0.5548,1,0.7347826086956522,0.7333333333333331,0.32608695652173914,0.5341026086956522,0.0,1.0
R06,2025,2,37.1,51.7,73.0,0.3496,7.48,0.7194,64.3,22.8,Western Desert,0.3743,0.672,hyper_arid,MEDIUM,0.457,1,0.5504347826086956,0.8416666666666668,0.5591304347826087,0.3720047826086957,0.49999999999999994,0.8660254037844387
R06,2025,3,34.2,39.9,67.8,0.4328,8.47,0.718,77.8,9.3,Western Desert,0.3743,0.672,hyper_arid,MEDIUM,0.3911,1,0.6530434782608696,0.6000000000000002,0.6765217391304348,0.4023734782608696,0.8660254037844386,0.5000000000000001
R06,2025,4,32.1,38.2,36.3,0.2631,7.19,0.547,68.2,37.0,Western Desert,0.3743,0.672,hyper_arid,MEDIUM,0.4633,1,0.6678260869565218,0.4250000000000001,0.5930434782608696,0.3068210869565217,1.0,6.123233995736766e-17
R06,2025,5,34.8,20.4,33.8,0.1262,7.93,0.4612,79.1,23.1,Western Desert,0.3743,0.672,hyper_arid,MEDIUM,0.3402,1,0.8226086956521739,0.6499999999999998,0.6878260869565217,0.20830869565217394,0.8660254037844387,-0.4999999999999998
R06,2025,6,31.9,5.7,22.0,0.2308,7.69,0.5424,45.5,10.9,Western Desert,0.3743,0.672,hyper_arid,MEDIUM,0.6228,1,0.9504347826086956,0.4083333333333332,0.39565217391304347,0.24666478260869568,0.49999999999999994,-0.8660254037844387
R06,2025,7,28.4,1.1,33.2,0.2473,7.29,0.5009,38.0,17.4,Western Desert,0.3743,0.672,hyper_arid,MEDIUM,0.5995,1,0.9904347826086957,0.11666666666666654,0.33043478260869563,0.24973978260869564,1.2246467991473532e-16,-1.0
R06,2025,8,23.5,35.7,20.9,0.4161,7.19,0.3706,24.9,18.1,Western Desert,0.3743,0.672,hyper_arid,MEDIUM,0.4278,1,0.6895652173913043,0.0,0.21652173913043476,0.3877102173913044,-0.4999999999999997,-0.8660254037844388
R06,2025,9,23.5,25.6,53.3,0.4234,7.050000000000001,0.2893,67.0,12.6,Western Desert,0.3743,0.672,hyper_arid,MEDIUM,0.3534,1,0.7773913043478261,0.0,0.5826086956521739,0.37855130434782613,-0.8660254037844385,-0.5000000000000004
R06,2025,10,25.5,41.8,55.0,0.3149,6.91,0.4035,16.8,5.2,Western Desert,0.3743,0.672,hyper_arid,MEDIUM,0.3644,1,0.6365217391304347,0.0,0.14608695652173914,0.3400067391304348,-1.0,-1.8369701987210297e-16
R06,2025,11,18.8,51.7,80.0,0.4959,7.67,0.5581,54.1,19.5,Western Desert,0.3743,0.672,hyper_arid,MEDIUM,0.4629,1,0.5504347826086956,0.0,0.47043478260869565,0.4524697826086957,-0.8660254037844386,0.5000000000000001
R06,2025,12,27.4,56.0,72.8,0.6236,6.74,0.5837,63.2,19.7,Western Desert,0.3743,0.672,hyper_arid,LOW,0.089,0,0.5130434782608695,0.033333333333333215,0.5495652173913044,0.5283134782608696,-0.5000000000000004,0.8660254037844384
R07,2019,1,33.7,22.4,53.2,0.6437,7.8,0.5775,70.0,25.7,Eastern Desert,0.8558,0.6217,arid,MEDIUM,0.5358,1,0.8052173913043479,0.5583333333333336,0.6086956521739131,0.6399923913043479,0.0,1.0
R07,2019,2,34.1,34.3,80.4,0.5194,8.6,0.6281,52.0,24.8,Eastern Desert,0.8558,0.6217,arid,MEDIUM,0.6913,1,0.7017391304347826,0.5916666666666668,0.45217391304347826,0.5871491304347827,0.49999999999999994,0.8660254037844387
R07,2019,3,34.4,6.0,47.3,0.3168,7.41,0.5842,47.0,42.8,Eastern Desert,0.8558,0.6217,arid,MEDIUM,0.393,1,0.9478260869565217,0.6166666666666666,0.40869565217391307,0.4388060869565218,0.8660254037844386,0.5000000000000001
R07,2019,4,27.8,21.5,48.1,0.2819,7.48,0.3557,61.5,29.2,Eastern Desert,0.8558,0.6217,arid,LOW,0.2532,0,0.8130434782608695,0.06666666666666672,0.5347826086956522,0.4398284782608695,1.0,6.123233995736766e-17
R07,2019,5,34.1,33.9,52.0,0.1113,7.43,0.4085,49.4,11.6,Eastern Desert,0.8558,0.6217,arid,LOW,0.2,0,0.7052173913043478,0.5916666666666668,0.4295652173913043,0.3621723913043478,0.8660254037844387,-0.4999999999999998
R07,2019,6,33.0,0.0,38.9,0.1321,7.41,0.3762,46.5,24.8,Eastern Desert,0.8558,0.6217,arid,MEDIUM,0.4892,1,1.0,0.5,0.4043478260869565,0.329395,0.49999999999999994,-0.8660254037844387
R07,2019,7,32.7,22.3,39.8,0.3335,7.45,0.3899,34.7,6.1,Eastern Desert,0.8558,0.6217,arid,LOW,0.2928,0,0.8060869565217391,0.47500000000000026,0.3017391304347826,0.4692519565217392,1.2246467991473532e-16,-1.0
R07,2019,8,25.0,55.1,23.1,0.235,7.79,0.4077,39.3,16.0,Eastern Desert,0.8558,0.6217,arid,LOW,0.268,0,0.5208695652173914,0.0,0.3417391304347826,0.45785956521739124,-0.4999999999999997,-0.8660254037844388
R07,2019,9,28.9,9.7,30.7,0.5039,7.86,0.4839,59.6,15.9,Eastern Desert,0.8558,0.6217,arid,MEDIUM,0.4486,1,0.9156521739130434,0.15833333333333321,0.5182608695652174,0.5465371739130435,-0.8660254037844385,-0.5000000000000004
R07,2019,10,30.5,41.1,58.4,0.4882,7.62,0.6064,46.7,21.8,Eastern Desert,0.8558,0.6217,arid,LOW,0.2882,0,0.6426086956521739,0.2916666666666667,0.40608695652173915,0.578858695652174,-1.0,-1.8369701987210297e-16
R07,2019,11,27.4,50.7,73.6,0.495,7.19,0.5931,25.2,12.3,Eastern Desert,0.8558,0.6217,arid,LOW,0.1966,0,0.5591304347826087,0.033333333333333215,0.21913043478260869,0.5951204347826087,-0.8660254037844386,0.5000000000000001
R07,2019,12,27.8,28.3,59.3,0.6498,7.09,0.6224,33.7,13.3,Eastern Desert,0.8558,0.6217,arid,LOW,0.076,0,0.7539130434782608,0.06666666666666672,0.29304347826086957,0.6510430434782609,-0.5000000000000004,0.8660254037844384
R07,2020,1,32.7,58.3,54.3,0.5619,6.39,0.628,69.4,29.2,Eastern Desert,0.8558,0.6217,arid,LOW,0.2042,0,0.4930434782608696,0.47500000000000026,0.6034782608695652,0.6418284782608695,0.0,1.0
R07,2020,2,31.3,36.3,63.7,0.4811,7.42,0.7715,64.2,7.3,Eastern Desert,0.8558,0.6217,arid,LOW,0.1724,0,0.6843478260869565,0.3583333333333334,0.5582608695652174,0.5686928260869565,0.49999999999999994,0.8660254037844387
R07,2020,3,31.2,25.6,52.7,0.2541,7.09,0.3138,95.8,19.8,Eastern Desert,0.8558,0.6217,arid,MEDIUM,0.6421,1,0.7773913043478261,0.3499999999999999,0.8330434782608696,0.42988630434782604,0.8660254037844386,0.5000000000000001
R07,2020,4,38.3,37.1,48.5,0.2423,7.3,0.449,93.8,12.4,Eastern Desert,0.8558,0.6217,arid,MEDIUM,0.3791,1,0.6773913043478261,0.9416666666666664,0.8156521739130435,0.438396304347826,1.0,6.123233995736766e-17
R07,2020,5,34.2,19.8,31.8,0.3597,7.93,0.4328,45.3,2.4,Eastern Desert,0.8558,0.6217,arid,LOW,0.0524,0,0.8278260869565217,0.6000000000000002,0.39391304347826084,0.48040108695652173,0.8660254037844387,-0.4999999999999998
R07,2020,6,30.1,0.9,26.3,0.1555,8.01,0.3681,55.4,7.2,Eastern Desert,0.8558,0.6217,arid,MEDIUM,0.371,1,0.9921739130434782,0.25833333333333347,0.4817391304347826,0.34343891304347823,0.49999999999999994,-0.8660254037844387
R07,2020,7,27.5,20.1,37.3,0.1286,6.64,0.3059,26.4,2.1,Eastern Desert,0.8558,0.6217,arid,LOW,0.1494,0,0.8252173913043478,0.041666666666666664,0.22956521739130434,0.3536873913043478,1.2246467991473532e-16,-1.0
R07,2020,8,23.7,25.4,30.5,0.3906,8.64,0.3763,48.7,17.7,Eastern Desert,0.8558,0.6217,arid,LOW,0.0696,0,0.7791304347826087,0.0,0.42347826086956525,0.5047004347826087,-0.4999999999999997,-0.8660254037844388
R07,2020,9,27.7,34.8,25.5,0.3082,6.91,0.4802,62.2,7.6,Eastern Desert,0.8558,0.6217,arid,LOW,0.3063,0,0.6973913043478261,0.05833333333333327,0.5408695652173914,0.47164130434782603,-0.8660254037844385,-0.5000000000000004
R07,2020,10,22.2,45.4,60.3,0.2882,7.78,0.5818,40.3,5.7,Eastern Desert,0.8558,0.6217,arid,LOW,0.1461,0,0.6052173913043478,0.0,0.35043478260869565,0.47446739130434784,-1.0,-1.8369701987210297e-16
R07,2020,11,20.0,57.5,71.9,0.6256,7.39,0.6315,37.5,15.8,Eastern Desert,0.8558,0.6217,arid,LOW,0.1022,0,0.5,0.0,0.32608695652173914,0.67582,-0.8660254037844386,0.5000000000000001
R07,2020,12,28.0,63.3,60.3,0.6205,7.11,0.8149,57.0,32.1,Eastern Desert,0.8558,0.6217,arid,LOW,0.3377,0,0.4495652173913044,0.08333333333333333,0.4956521739130435,0.6805802173913043,-0.5000000000000004,0.8660254037844384
R07,2021,1,30.6,28.0,46.6,0.531,7.89,0.4081,72.4,20.2,Eastern Desert,0.8558,0.6217,arid,MEDIUM,0.4371,1,0.7565217391304347,0.3000000000000001,0.6295652173913044,0.5853117391304348,0.0,1.0
R07,2021,2,36.3,30.2,62.8,0.6532,8.23,0.6329,78.0,27.6,Eastern Desert,0.8558,0.6217,arid,MEDIUM,0.5597,1,0.7373913043478261,0.7749999999999998,0.6782608695652174,0.6553913043478261,0.49999999999999994,0.8660254037844387
R07,2021,3,31.2,13.9,58.3,0.4671,7.78,0.5107,60.1,21.3,Eastern Desert,0.8558,0.6217,arid,MEDIUM,0.5385,1,0.8791304347826087,0.3499999999999999,0.5226086956521739,0.5317754347826087,0.8660254037844386,0.5000000000000001
R07,2021,4,33.8,30.7,54.5,0.3657,7.1,0.4391,54.6,37.9,Eastern Desert,0.8558,0.6217,arid,LOW,0.0926,0,0.7330434782608696,0.5666666666666664,0.4747826086956522,0.4979184782608696,1.0,6.123233995736766e-17
R07,2021,5,36.3,21.3,55.8,0.362,7.99,0.3544,62.1,21.4,Eastern Desert,0.8558,0.6217,arid,MEDIUM,0.5355,1,0.8147826086956522,0.7749999999999998,0.54,0.48362260869565216,0.8660254037844387,-0.4999999999999998
R07,2021,6,30.3,14.2,44.0,0.112,7.18,0.4434,46.1,35.6,Eastern Desert,0.8558,0.6217,arid,MEDIUM,0.6479,1,0.8765217391304347,0.2750000000000001,0.4008695652173913,0.33686173913043477,0.49999999999999994,-0.8660254037844387
R07,2021,7,34.8,0.0,26.9,0.1068,7.68,0.4247,62.1,7.3,Eastern Desert,0.8558,0.6217,arid,MEDIUM,0.6504,1,1.0,0.6499999999999998,0.54,0.31548,1.2246467991473532e-16,-1.0
R07,2021,8,32.6,32.6,34.6,0.2894,8.01,0.3397,32.9,10.3,Eastern Desert,0.8558,0.6217,arid,MEDIUM,0.468,1,0.7165217391304348,0.4666666666666668,0.2860869565217391,0.4584317391304348,-0.4999999999999997,-0.8660254037844388
R07,2021,9,26.0,29.2,42.9,0.3743,7.01,0.5267,37.2,7.5,Eastern Desert,0.8558,0.6217,arid,LOW,0.1125,0,0.7460869565217392,0.0,0.3234782608695652,0.5006919565217391,-0.8660254037844385,-0.5000000000000004
R07,2021,10,25.2,44.4,50.8,0.408,7.67,0.4929,43.6,27.6,Eastern Desert,0.8558,0.6217,arid,LOW,0.2748,0,0.6139130434782609,0.0,0.3791304347826087,0.5390530434782609,-1.0,-1.8369701987210297e-16
R07,2021,11,24.6,60.3,89.1,0.4469,7.2,0.7133,22.8,11.0,Eastern Desert,0.8558,0.6217,arid,LOW,0.0514,0,0.4756521739130435,0.0,0.1982608695652174,0.5811871739130434,-0.8660254037844386,0.5000000000000001
R07,2021,12,23.2,59.9,59.7,0.6242,7.0,0.6604,42.8,20.5,Eastern Desert,0.8558,0.6217,arid,LOW,0.349,0,0.47913043478260875,0.0,0.37217391304347824,0.6781804347826087,-0.5000000000000004,0.8660254037844384
R07,2022,1,32.7,53.0,77.6,0.5557,9.0,0.6785,87.5,34.9,Eastern Desert,0.8558,0.6217,arid,LOW,0.1144,0,0.5391304347826087,0.47500000000000026,0.7608695652173914,0.6315054347826087,0.0,1.0
R07,2022,2,37.0,47.9,78.6,0.4543,8.21,0.4458,77.2,25.9,Eastern Desert,0.8558,0.6217,arid,MEDIUM,0.377,1,0.5834782608695652,0.8333333333333334,0.671304347826087,0.5690832608695652,0.49999999999999994,0.8660254037844387
R07,2022,3,28.3,58.9,63.8,0.4113,8.5,0.5634,60.7,15.3,Eastern Desert,0.8558,0.6217,arid,LOW,0.1305,0,0.48782608695652174,0.10833333333333339,0.5278260869565218,0.5597810869565217,0.8660254037844386,0.5000000000000001
R07,2022,4,39.2,6.7,41.7,0.092,7.3,0.6455,74.7,27.9,Eastern Desert,0.8558,0.6217,arid,HIGH,0.8359,2,0.9417391304347826,1.0,0.6495652173913044,0.31607913043478253,1.0,6.123233995736766e-17
R07,2022,5,35.8,17.4,42.8,0.2719,7.08,0.3565,76.8,18.3,Eastern Desert,0.8558,0.6217,arid,MEDIUM,0.6467,1,0.8486956521739131,0.7333333333333331,0.6678260869565217,0.42898065217391307,0.8660254037844387,-0.4999999999999998
R07,2022,6,36.8,0.0,42.4,0.1328,7.68,0.5039,47.9,17.4,Eastern Desert,0.8558,0.6217,arid,MEDIUM,0.6481,1,1.0,0.8166666666666664,0.4165217391304348,0.32977999999999996,0.49999999999999994,-0.8660254037844387
R07,2022,7,31.0,14.6,15.3,0.3531,7.73,0.2168,55.9,1.3,Eastern Desert,0.8558,0.6217,arid,MEDIUM,0.3553,1,0.8730434782608696,0.3333333333333333,0.4860869565217391,0.46998847826086954,1.2246467991473532e-16,-1.0
R07,2022,8,30.0,0.0,39.2,0.1406,7.77,0.2355,48.1,11.8,Eastern Desert,0.8558,0.6217,arid,MEDIUM,0.6785,1,1.0,0.25,0.4182608695652174,0.33407,-0.4999999999999997,-0.8660254037844388
R07,2022,9,22.2,35.8,38.8,0.3729,7.65,0.3112,19.1,0.0,Eastern Desert,0.8558,0.6217,arid,LOW,0.3015,0,0.688695652173913,0.0,0.16608695652173913,0.508530652173913,-0.8660254037844385,-0.5000000000000004
R07,2022,10,29.5,42.3,43.1,0.3771,7.45,0.5504,35.0,27.6,Eastern Desert,0.8558,0.6217,arid,LOW,0.3181,0,0.6321739130434783,0.20833333333333334,0.30434782608695654,0.5193189130434782,-1.0,-1.8369701987210297e-16
R07,2022,11,25.2,71.4,65.4,0.7006,7.8,0.5824,67.6,22.8,Eastern Desert,0.8558,0.6217,arid,LOW,0.287,0,0.37913043478260866,0.0,0.5878260869565217,0.7352004347826087,-0.8660254037844386,0.5000000000000001
R07,2022,12,27.3,51.5,51.6,0.5105,6.96,0.5788,79.4,23.7,Eastern Desert,0.8558,0.6217,arid,LOW,0.2736,0,0.5521739130434782,0.02500000000000006,0.6904347826086957,0.6046889130434783,-0.5000000000000004,0.8660254037844384
R07,2023,1,32.2,25.9,77.5,0.6224,7.67,0.44,71.8,23.3,Eastern Desert,0.8558,0.6217,arid,MEDIUM,0.3894,1,0.7747826086956522,0.43333333333333357,0.6243478260869565,0.6328426086956521,0.0,1.0
R07,2023,2,33.9,80.8,56.3,0.4057,8.1,0.6378,55.3,22.6,Eastern Desert,0.8558,0.6217,arid,LOW,0.009,0,0.2973913043478261,0.5749999999999998,0.48086956521739127,0.5852663043478261,0.49999999999999994,0.8660254037844387
R07,2023,3,35.0,62.0,71.9,0.23,8.68,0.5721,34.1,37.2,Eastern Desert,0.8558,0.6217,arid,MEDIUM,0.4858,1,0.4608695652173913,0.6666666666666666,0.2965217391304348,0.46410956521739133,0.8660254037844386,0.5000000000000001
R07,2023,4,33.9,28.4,50.0,0.3461,7.7,0.4632,53.4,17.6,Eastern Desert,0.8558,0.6217,arid,MEDIUM,0.6154,1,0.7530434782608696,0.5749999999999998,0.4643478260869565,0.4841384782608696,1.0,6.123233995736766e-17
R07,2023,5,36.2,7.2,39.1,0.1395,8.56,0.5253,39.8,18.4,Eastern Desert,0.8558,0.6217,arid,MEDIUM,0.4401,1,0.9373913043478261,0.7666666666666669,0.3460869565217391,0.3428563043478261,0.8660254037844387,-0.4999999999999998
R07,2023,6,28.7,17.0,37.2,0.2986,7.79,0.2698,76.5,32.8,Eastern Desert,0.8558,0.6217,arid,MEDIUM,0.5975,1,0.8521739130434782,0.1416666666666666,0.6652173913043479,0.4431439130434782,0.49999999999999994,-0.8660254037844387
R07,2023,7,30.3,0.0,39.9,0.3801,7.08,0.3783,17.6,10.2,Eastern Desert,0.8558,0.6217,arid,MEDIUM,0.6762,1,1.0,0.2750000000000001,0.1530434782608696,0.46579499999999996,1.2246467991473532e-16,-1.0
R07,2023,8,29.6,14.1,29.9,0.1033,6.48,0.4019,21.5,19.9,Eastern Desert,0.8558,0.6217,arid,MEDIUM,0.6368,1,0.8773913043478261,0.21666666666666679,0.18695652173913044,0.33194630434782607,-0.4999999999999997,-0.8660254037844388
R07,2023,9,22.2,19.6,34.6,0.3029,6.51,0.4791,39.3,8.0,Eastern Desert,0.8558,0.6217,arid,MEDIUM,0.3729,1,0.8295652173913044,0.0,0.3417391304347826,0.44890021739130437,-0.8660254037844385,-0.5000000000000004
R07,2023,10,29.7,35.4,56.4,0.7544,8.19,0.4743,38.1,12.2,Eastern Desert,0.8558,0.6217,arid,MEDIUM,0.6956,1,0.6921739130434783,0.22499999999999995,0.331304347826087,0.7178339130434782,-1.0,-1.8369701987210297e-16
R07,2023,11,25.1,56.0,58.6,0.5743,7.94,0.6872,66.7,24.4,Eastern Desert,0.8558,0.6217,arid,LOW,0.0169,0,0.5130434782608695,0.0,0.5800000000000001,0.6456484782608696,-0.8660254037844386,0.5000000000000001
R07,2023,12,31.1,47.0,51.6,0.5588,7.52,0.66,60.0,2.7,Eastern Desert,0.8558,0.6217,arid,LOW,0.1607,0,0.5913043478260869,0.3416666666666668,0.5217391304347826,0.6253843478260869,-0.5000000000000004,0.8660254037844384
R07,2024,1,26.9,44.3,57.5,0.6397,7.43,0.638,56.5,43.6,Eastern Desert,0.8558,0.6217,arid,LOW,0.1488,0,0.6147826086956523,0.0,0.49130434782608695,0.6663576086956522,0.0,1.0
R07,2024,2,34.7,38.0,91.1,0.6656,8.1,0.6776,82.9,13.2,Eastern Desert,0.8558,0.6217,arid,MEDIUM,0.3258,1,0.6695652173913044,0.6416666666666669,0.7208695652173913,0.6723852173913043,0.49999999999999994,0.8660254037844387
R07,2024,3,30.1,38.1,48.7,0.6063,7.31,0.7373,60.3,17.3,Eastern Desert,0.8558,0.6217,arid,MEDIUM,0.6609,1,0.668695652173913,0.25833333333333347,0.5243478260869565,0.639900652173913,0.8660254037844386,0.5000000000000001
R07,2024,4,34.5,27.1,26.7,0.3651,9.0,0.3808,88.7,26.0,Eastern Desert,0.8558,0.6217,arid,MEDIUM,0.6836,1,0.7643478260869565,0.625,0.771304347826087,0.4928928260869565,1.0,6.123233995736766e-17
R07,2024,5,36.0,46.2,35.5,0.1441,7.71,0.4647,46.0,20.3,Eastern Desert,0.8558,0.6217,arid,MEDIUM,0.3325,1,0.5982608695652174,0.75,0.4,0.39625586956521736,0.8660254037844387,-0.4999999999999998
R07,2024,6,34.3,30.4,31.0,0.434,7.17,0.4606,10.9,7.3,Eastern Desert,0.8558,0.6217,arid,LOW,0.0397,0,0.7356521739130435,0.6083333333333331,0.09478260869565218,0.5350921739130434,0.49999999999999994,-0.8660254037844387
R07,2024,7,29.3,0.0,36.4,0.3663,7.85,0.2539,43.0,19.8,Eastern Desert,0.8558,0.6217,arid,MEDIUM,0.4728,1,1.0,0.19166666666666674,0.3739130434782609,0.458205,1.2246467991473532e-16,-1.0
R07,2024,8,28.2,9.8,33.9,0.4689,8.11,0.4301,7.9,9.0,Eastern Desert,0.8558,0.6217,arid,LOW,0.3433,0,0.9147826086956522,0.09999999999999994,0.06869565217391305,0.5274176086956521,-0.4999999999999997,-0.8660254037844388
R07,2024,9,24.9,27.1,46.1,0.4245,7.61,0.4171,50.1,1.5,Eastern Desert,0.8558,0.6217,arid,MEDIUM,0.6405,1,0.7643478260869565,0.0,0.4356521739130435,0.5255628260869565,-0.8660254037844385,-0.5000000000000004
R07,2024,10,22.0,60.7,36.0,0.5769,7.52,0.4151,40.4,16.5,Eastern Desert,0.8558,0.6217,arid,LOW,0.1062,0,0.4721739130434782,0.0,0.35130434782608694,0.6532089130434782,-1.0,-1.8369701987210297e-16
R07,2024,11,24.7,81.2,71.3,0.4474,7.12,0.5972,68.2,18.2,Eastern Desert,0.8558,0.6217,arid,LOW,0.1986,0,0.29391304347826086,0.0,0.5930434782608696,0.6087230434782609,-0.8660254037844386,0.5000000000000001
R07,2024,12,28.8,40.9,62.0,0.5968,7.61,0.68,47.4,30.8,Eastern Desert,0.8558,0.6217,arid,LOW,0.2877,0,0.6443478260869565,0.15000000000000005,0.4121739130434782,0.6383278260869566,-0.5000000000000004,0.8660254037844384
R07,2025,1,31.2,52.9,69.1,0.4979,8.23,0.6232,37.6,25.2,Eastern Desert,0.8558,0.6217,arid,LOW,0.081,0,0.54,0.3499999999999999,0.3269565217391304,0.5995849999999999,0.0,1.0
R07,2025,2,33.4,41.8,52.9,0.448,7.74,0.4463,56.2,26.9,Eastern Desert,0.8558,0.6217,arid,MEDIUM,0.4964,1,0.6365217391304347,0.5333333333333332,0.4886956521739131,0.5576617391304348,0.49999999999999994,0.8660254037844387
R07,2025,3,33.8,48.7,46.3,0.3051,7.99,0.4013,77.7,31.4,Eastern Desert,0.8558,0.6217,arid,MEDIUM,0.3433,1,0.5765217391304347,0.5666666666666664,0.6756521739130436,0.48806673913043475,0.8660254037844386,0.5000000000000001
R07,2025,4,35.4,12.7,51.1,0.4341,8.26,0.4631,51.8,25.1,Eastern Desert,0.8558,0.6217,arid,MEDIUM,0.629,1,0.8895652173913043,0.6999999999999998,0.4504347826086956,0.5120602173913044,1.0,6.123233995736766e-17
R07,2025,5,34.2,39.8,45.1,0.2618,8.06,0.3783,79.9,13.3,Eastern Desert,0.8558,0.6217,arid,MEDIUM,0.4821,1,0.653913043478261,0.6000000000000002,0.6947826086956522,0.45264304347826084,0.8660254037844387,-0.4999999999999998
R07,2025,6,29.6,25.1,24.9,0.3041,7.16,0.3223,52.2,14.5,Eastern Desert,0.8558,0.6217,arid,MEDIUM,0.6455,1,0.7817391304347826,0.21666666666666679,0.4539130434782609,0.4567341304347826,0.49999999999999994,-0.8660254037844387
R07,2025,7,29.3,22.4,25.1,0.1309,7.67,0.4658,41.6,0.0,Eastern Desert,0.8558,0.6217,arid,MEDIUM,0.5831,1,0.8052173913043479,0.19166666666666674,0.3617391304347826,0.3579523913043478,1.2246467991473532e-16,-1.0
R07,2025,8,31.2,13.4,26.5,0.2779,6.86,0.2618,58.2,5.8,Eastern Desert,0.8558,0.6217,arid,MEDIUM,0.3265,1,0.8834782608695653,0.3499999999999999,0.5060869565217392,0.4270632608695652,-0.4999999999999997,-0.8660254037844388
R07,2025,9,24.7,26.5,51.0,0.4474,8.42,0.4644,50.4,8.1,Eastern Desert,0.8558,0.6217,arid,LOW,0.0557,0,0.7695652173913043,0.0,0.43826086956521737,0.5373752173913043,-0.8660254037844385,-0.5000000000000004
R07,2025,10,27.9,70.6,72.7,0.4536,7.88,0.4761,27.6,25.7,Eastern Desert,0.8558,0.6217,arid,LOW,0.1552,0,0.3860869565217392,0.07499999999999989,0.24000000000000002,0.5983069565217392,-1.0,-1.8369701987210297e-16
R07,2025,11,23.6,53.4,48.2,0.5278,7.02,0.7158,57.4,21.7,Eastern Desert,0.8558,0.6217,arid,LOW,0.321,0,0.5356521739130435,0.0,0.49913043478260866,0.6166821739130435,-0.8660254037844386,0.5000000000000001
R07,2025,12,26.2,45.5,56.7,0.2953,7.9,0.5835,61.4,21.7,Eastern Desert,0.8558,0.6217,arid,MEDIUM,0.3839,1,0.6043478260869566,0.0,0.5339130434782609,0.47850282608695643,-0.5000000000000004,0.8660254037844384
R08,2019,1,29.3,50.2,57.8,0.524,8.5,0.5786,57.4,21.6,Fayoum,0.3083,0.6659,semi_arid,LOW,0.1236,0,0.5634782608695652,0.19166666666666674,0.49913043478260866,0.44616826086956524,0.0,1.0
R08,2019,2,37.5,31.2,95.0,0.4184,7.58,0.6713,76.6,22.5,Fayoum,0.3083,0.6659,semi_arid,MEDIUM,0.354,1,0.728695652173913,0.875,0.6660869565217391,0.3633056521739131,0.49999999999999994,0.8660254037844387
R08,2019,3,35.5,36.1,47.0,0.347,6.86,0.4884,87.3,24.4,Fayoum,0.3083,0.6659,semi_arid,MEDIUM,0.3389,1,0.6860869565217391,0.7083333333333334,0.7591304347826087,0.3304269565217391,0.8660254037844386,0.5000000000000001
R08,2019,4,42.6,41.8,53.0,0.4538,7.69,0.5451,63.3,30.1,Fayoum,0.3083,0.6659,semi_arid,MEDIUM,0.333,1,0.6365217391304347,1.0,0.5504347826086956,0.3966017391304348,1.0,6.123233995736766e-17
R08,2019,5,32.8,20.8,28.8,0.1954,7.32,0.5928,57.9,17.6,Fayoum,0.3083,0.6659,semi_arid,MEDIUM,0.6488,1,0.8191304347826087,0.4833333333333331,0.5034782608695652,0.2270904347826087,0.8660254037844387,-0.4999999999999998
R08,2019,6,39.4,27.1,33.6,0.1774,7.43,0.4797,49.5,23.2,Fayoum,0.3083,0.6659,semi_arid,MEDIUM,0.6393,1,0.7643478260869565,1.0,0.43043478260869567,0.22540782608695653,0.49999999999999994,-0.8660254037844387
R08,2019,7,25.2,2.9,36.9,0.1401,7.35,0.351,32.6,12.1,Fayoum,0.3083,0.6659,semi_arid,LOW,0.2639,0,0.9747826086956521,0.0,0.28347826086956524,0.17332760869565217,1.2246467991473532e-16,-1.0
R08,2019,8,33.6,41.6,16.8,0.3,7.78,0.5793,37.2,18.9,Fayoum,0.3083,0.6659,semi_arid,LOW,0.2389,0,0.6382608695652174,0.5500000000000002,0.3234782608695652,0.31175086956521736,-0.4999999999999997,-0.8660254037844388
R08,2019,9,29.1,50.2,23.4,0.4403,6.46,0.4576,33.5,27.5,Fayoum,0.3083,0.6659,semi_arid,LOW,0.1625,0,0.5634782608695652,0.17500000000000013,0.29130434782608694,0.40013326086956524,-0.8660254037844385,-0.5000000000000004
R08,2019,10,27.5,49.1,47.0,0.5045,7.67,0.5246,34.7,14.1,Fayoum,0.3083,0.6659,semi_arid,LOW,0.1213,0,0.5730434782608695,0.041666666666666664,0.3017391304347826,0.4340084782608695,-1.0,-1.8369701987210297e-16
R08,2019,11,22.6,47.4,56.7,0.5698,7.62,0.6363,39.9,9.5,Fayoum,0.3083,0.6659,semi_arid,LOW,0.3157,0,0.5878260869565217,0.0,0.34695652173913044,0.46770608695652177,-0.8660254037844386,0.5000000000000001
R08,2019,12,29.6,46.5,62.9,0.535,7.18,0.9323,34.4,19.8,Fayoum,0.3083,0.6659,semi_arid,LOW,0.1387,0,0.5956521739130435,0.21666666666666679,0.2991304347826087,0.44739217391304353,-0.5000000000000004,0.8660254037844384
R08,2020,1,32.4,59.0,67.0,0.4873,7.7,0.5004,74.5,26.7,Fayoum,0.3083,0.6659,semi_arid,LOW,0.291,0,0.4869565217391304,0.4499999999999999,0.6478260869565218,0.43746152173913044,0.0,1.0
R08,2020,2,33.8,46.4,48.1,0.514,7.18,0.5857,55.7,37.8,Fayoum,0.3083,0.6659,semi_arid,LOW,0.0073,0,0.5965217391304347,0.5666666666666664,0.48434782608695653,0.4357117391304348,0.49999999999999994,0.8660254037844387
R08,2020,3,38.3,35.0,60.4,0.5254,7.89,0.6318,88.3,37.0,Fayoum,0.3083,0.6659,semi_arid,MEDIUM,0.447,1,0.6956521739130435,0.9416666666666664,0.7678260869565218,0.4271121739130435,0.8660254037844386,0.5000000000000001
R08,2020,4,40.4,0.0,30.3,0.0875,8.57,0.3808,50.2,20.0,Fayoum,0.3083,0.6659,semi_arid,MEDIUM,0.4888,1,1.0,1.0,0.4365217391304348,0.140615,1.0,6.123233995736766e-17
R08,2020,5,37.7,17.6,41.7,0.4102,8.16,0.4827,84.7,21.9,Fayoum,0.3083,0.6659,semi_arid,MEDIUM,0.3801,1,0.8469565217391304,0.8916666666666669,0.7365217391304348,0.3410565217391305,0.8660254037844387,-0.4999999999999998
R08,2020,6,33.6,25.0,42.0,0.0974,7.73,0.323,46.0,21.7,Fayoum,0.3083,0.6659,semi_arid,MEDIUM,0.5254,1,0.782608695652174,0.5500000000000002,0.4,0.17866869565217391,0.49999999999999994,-0.8660254037844387
R08,2020,7,34.0,13.8,8.9,0.2303,7.53,0.1461,57.6,8.5,Fayoum,0.3083,0.6659,semi_arid,MEDIUM,0.5455,1,0.88,0.5833333333333334,0.5008695652173913,0.23715499999999998,1.2246467991473532e-16,-1.0
R08,2020,8,32.3,43.3,39.1,0.4346,7.61,0.3216,40.3,19.4,Fayoum,0.3083,0.6659,semi_arid,MEDIUM,0.5989,1,0.6234782608695653,0.44166666666666643,0.35043478260869565,0.38799826086956524,-0.4999999999999997,-0.8660254037844388
R08,2020,9,25.5,45.1,48.6,0.3328,7.83,0.3356,17.6,13.2,Fayoum,0.3083,0.6659,semi_arid,LOW,0.024,0,0.6078260869565217,0.0,0.1530434782608696,0.33435608695652175,-0.8660254037844385,-0.5000000000000004
R08,2020,10,32.2,31.9,47.7,0.2294,7.85,0.5519,20.3,8.1,Fayoum,0.3083,0.6659,semi_arid,MEDIUM,0.3845,1,0.722608695652174,0.43333333333333357,0.17652173913043478,0.2602686956521739,-1.0,-1.8369701987210297e-16
R08,2020,11,30.4,53.2,48.8,0.5492,7.08,0.5839,34.1,23.8,Fayoum,0.3083,0.6659,semi_arid,LOW,0.0037,0,0.537391304347826,0.2833333333333332,0.2965217391304348,0.46394130434782616,-0.8660254037844386,0.5000000000000001
R08,2020,12,31.2,63.7,68.2,0.4243,7.14,0.5548,45.2,18.8,Fayoum,0.3083,0.6659,semi_arid,LOW,0.2837,0,0.44608695652173913,0.3499999999999999,0.3930434782608696,0.40894195652173915,-0.5000000000000004,0.8660254037844384
R08,2021,1,33.2,48.4,84.8,0.6745,7.47,0.6052,58.3,17.8,Fayoum,0.3083,0.6659,semi_arid,LOW,0.1277,0,0.5791304347826087,0.5166666666666669,0.5069565217391304,0.5265954347826087,0.0,1.0
R08,2021,2,32.3,36.2,67.4,0.7346,7.83,0.6638,69.4,37.1,Fayoum,0.3083,0.6659,semi_arid,MEDIUM,0.37,1,0.6852173913043478,0.44166666666666643,0.6034782608695652,0.543737391304348,0.49999999999999994,0.8660254037844387
R08,2021,3,39.5,12.5,46.9,0.3556,7.35,0.3564,63.8,25.3,Fayoum,0.3083,0.6659,semi_arid,MEDIUM,0.6128,1,0.8913043478260869,1.0,0.5547826086956521,0.304374347826087,0.8660254037844386,0.5000000000000001
R08,2021,4,31.4,25.5,38.8,0.4162,7.87,0.4821,68.6,7.8,Fayoum,0.3083,0.6659,semi_arid,MEDIUM,0.5003,1,0.7782608695652173,0.36666666666666653,0.5965217391304347,0.3546608695652174,1.0,6.123233995736766e-17
R08,2021,5,35.7,27.6,33.6,0.2103,8.02,0.2695,65.6,44.8,Fayoum,0.3083,0.6659,semi_arid,MEDIUM,0.4575,1,0.76,0.7250000000000002,0.5704347826086956,0.244155,0.8660254037844387,-0.4999999999999998
R08,2021,6,35.7,10.5,39.4,0.1292,7.08,0.5472,48.2,15.0,Fayoum,0.3083,0.6659,semi_arid,MEDIUM,0.6701,1,0.908695652173913,0.7250000000000002,0.4191304347826087,0.17724565217391308,0.49999999999999994,-0.8660254037844387
R08,2021,7,33.9,7.3,28.3,0.3319,6.55,0.1986,53.7,26.2,Fayoum,0.3083,0.6659,semi_arid,MEDIUM,0.4411,1,0.9365217391304348,0.5749999999999998,0.46695652173913044,0.28455673913043483,1.2246467991473532e-16,-1.0
R08,2021,8,33.1,30.9,18.7,0.2841,7.41,0.2377,51.6,0.0,Fayoum,0.3083,0.6659,semi_arid,LOW,0.3208,0,0.731304347826087,0.5083333333333334,0.44869565217391305,0.289049347826087,-0.4999999999999997,-0.8660254037844388
R08,2021,9,30.1,18.7,54.1,0.6334,7.81,0.4725,43.5,33.6,Fayoum,0.3083,0.6659,semi_arid,MEDIUM,0.4431,1,0.837391304347826,0.25833333333333347,0.3782608695652174,0.46525130434782613,-0.8660254037844385,-0.5000000000000004
R08,2021,10,30.6,49.3,51.6,0.417,8.01,0.462,46.3,6.8,Fayoum,0.3083,0.6659,semi_arid,LOW,0.1957,0,0.571304347826087,0.3000000000000001,0.4026086956521739,0.386144347826087,-1.0,-1.8369701987210297e-16
R08,2021,11,27.5,62.5,56.3,0.5392,7.96,0.4121,46.7,9.8,Fayoum,0.3083,0.6659,semi_arid,LOW,0.1202,0,0.4565217391304348,0.041666666666666664,0.40608695652173915,0.4705717391304348,-0.8660254037844386,0.5000000000000001
R08,2021,12,30.7,68.1,61.7,0.7916,7.74,0.758,68.5,16.4,Fayoum,0.3083,0.6659,semi_arid,LOW,0.1679,0,0.4078260869565218,0.3083333333333333,0.5956521739130435,0.6166960869565218,-0.5000000000000004,0.8660254037844384
R08,2022,1,30.7,34.4,59.4,0.4442,7.19,0.5338,58.6,20.1,Fayoum,0.3083,0.6659,semi_arid,LOW,0.2758,0,0.7008695652173913,0.3083333333333333,0.5095652173913043,0.3816695652173913,0.0,1.0
R08,2022,2,29.5,55.9,85.4,0.53,7.68,0.5835,54.8,39.9,Fayoum,0.3083,0.6659,semi_arid,LOW,0.1698,0,0.5139130434782608,0.20833333333333334,0.4765217391304348,0.45690304347826094,0.49999999999999994,0.8660254037844387
R08,2022,3,41.1,10.6,67.2,0.2783,7.02,0.5702,66.6,22.5,Fayoum,0.3083,0.6659,semi_arid,HIGH,0.8031,2,0.9078260869565218,1.0,0.5791304347826086,0.25938108695652173,0.8660254037844386,0.5000000000000001
R08,2022,4,41.8,18.1,51.0,0.2441,7.31,0.6547,45.8,9.0,Fayoum,0.3083,0.6659,semi_arid,MEDIUM,0.448,1,0.8426086956521739,1.0,0.3982608695652174,0.25035369565217397,1.0,6.123233995736766e-17
R08,2022,5,30.8,21.7,29.4,0.2169,8.29,0.3717,38.7,20.9,Fayoum,0.3083,0.6659,semi_arid,LOW,0.151,0,0.811304347826087,0.3166666666666667,0.3365217391304348,0.24008934782608696,0.8660254037844387,-0.4999999999999998
R08,2022,6,35.6,0.0,38.1,0.2294,7.62,0.2003,64.7,11.5,Fayoum,0.3083,0.6659,semi_arid,MEDIUM,0.5812,1,1.0,0.7166666666666668,0.562608695652174,0.21866000000000002,0.49999999999999994,-0.8660254037844387
R08,2022,7,35.6,5.9,18.6,0.3982,7.58,0.4246,66.1,7.3,Fayoum,0.3083,0.6659,semi_arid,MEDIUM,0.4781,1,0.948695652173913,0.7166666666666668,0.5747826086956521,0.31919565217391305,1.2246467991473532e-16,-1.0
R08,2022,8,23.5,21.0,26.9,0.2098,7.57,0.2834,33.4,3.4,Fayoum,0.3083,0.6659,semi_arid,LOW,0.0666,0,0.817391304347826,0.0,0.29043478260869565,0.23527130434782612,-0.4999999999999997,-0.8660254037844388
R08,2022,9,23.5,41.8,35.5,0.5483,7.81,0.4617,49.9,29.9,Fayoum,0.3083,0.6659,semi_arid,LOW,0.0056,0,0.6365217391304347,0.0,0.4339130434782609,0.44857673913043483,-0.8660254037844385,-0.5000000000000004
R08,2022,10,24.3,36.7,60.7,0.663,8.23,0.5765,10.6,13.2,Fayoum,0.3083,0.6659,semi_arid,LOW,0.2946,0,0.6808695652173913,0.0,0.09217391304347826,0.5050095652173914,-1.0,-1.8369701987210297e-16
R08,2022,11,30.0,50.4,66.2,0.4026,7.3,0.4746,61.5,8.4,Fayoum,0.3083,0.6659,semi_arid,LOW,0.3289,0,0.5617391304347826,0.25,0.5347826086956522,0.3796591304347826,-0.8660254037844386,0.5000000000000001
R08,2022,12,26.5,55.5,68.8,0.6873,7.74,0.4909,58.5,33.8,Fayoum,0.3083,0.6659,semi_arid,LOW,0.332,0,0.5173913043478261,0.0,0.508695652173913,0.5428963043478261,-0.5000000000000004,0.8660254037844384
R08,2023,1,31.1,58.9,62.2,0.5506,6.9,0.6447,58.7,31.3,Fayoum,0.3083,0.6659,semi_arid,MEDIUM,0.3047,1,0.48782608695652174,0.3416666666666668,0.5104347826086957,0.4721460869565217,0.0,1.0
R08,2023,2,36.5,53.3,38.1,0.3014,7.91,0.6677,89.4,43.6,Fayoum,0.3083,0.6659,semi_arid,MEDIUM,0.3108,1,0.5365217391304349,0.7916666666666666,0.7773913043478261,0.32778173913043473,0.49999999999999994,0.8660254037844387
R08,2023,3,40.4,0.0,53.8,0.629,8.07,0.5327,64.1,22.7,Fayoum,0.3083,0.6659,semi_arid,HIGH,0.6814,2,1.0,1.0,0.557391304347826,0.43844000000000005,0.8660254037844386,0.5000000000000001
R08,2023,4,40.6,20.2,35.3,0.3982,6.95,0.4038,49.2,31.8,Fayoum,0.3083,0.6659,semi_arid,HIGH,0.6037,2,0.8243478260869566,1.0,0.42782608695652175,0.3378478260869565,1.0,6.123233995736766e-17
R08,2023,5,33.5,33.1,20.8,0.2668,6.57,0.4213,36.9,18.0,Fayoum,0.3083,0.6659,semi_arid,MEDIUM,0.3206,1,0.7121739130434783,0.5416666666666666,0.3208695652173913,0.2824039130434782,0.8660254037844387,-0.4999999999999998
R08,2023,6,38.4,14.2,20.8,0.0776,7.7,0.2623,51.5,12.0,Fayoum,0.3083,0.6659,semi_arid,MEDIUM,0.3282,1,0.8765217391304347,0.9499999999999998,0.44782608695652176,0.1536917391304348,0.49999999999999994,-0.8660254037844387
R08,2023,7,30.8,2.4,38.7,0.2777,7.66,0.49,46.7,33.6,Fayoum,0.3083,0.6659,semi_arid,MEDIUM,0.4836,1,0.9791304347826087,0.3166666666666667,0.40608695652173915,0.2483554347826087,1.2246467991473532e-16,-1.0
R08,2023,8,32.2,0.0,28.6,0.3008,7.27,0.3454,35.2,8.5,Fayoum,0.3083,0.6659,semi_arid,MEDIUM,0.6236,1,1.0,0.43333333333333357,0.3060869565217392,0.25793000000000005,-0.4999999999999997,-0.8660254037844388
R08,2023,9,25.6,54.4,26.5,0.2387,7.85,0.484,50.2,15.0,Fayoum,0.3083,0.6659,semi_arid,LOW,0.1161,0,0.5269565217391304,0.0,0.4365217391304348,0.2947315217391304,-0.8660254037844385,-0.5000000000000004
R08,2023,10,32.3,44.5,38.4,0.7963,7.34,0.4732,58.6,17.3,Fayoum,0.3083,0.6659,semi_arid,MEDIUM,0.4548,1,0.6130434782608696,0.44166666666666643,0.5095652173913043,0.5884984782608695,-1.0,-1.8369701987210297e-16
R08,2023,11,26.1,40.3,47.3,0.5041,7.76,0.6132,38.8,5.7,Fayoum,0.3083,0.6659,semi_arid,LOW,0.2338,0,0.6495652173913044,0.0,0.33739130434782605,0.42231021739130437,-0.8660254037844386,0.5000000000000001
R08,2023,12,30.3,36.6,45.5,0.5936,8.19,0.5682,25.7,9.3,Fayoum,0.3083,0.6659,semi_arid,LOW,0.2171,0,0.6817391304347826,0.2750000000000001,0.2234782608695652,0.4667091304347827,-0.5000000000000004,0.8660254037844384
R08,2024,1,31.4,25.3,62.5,0.6915,7.92,0.6488,63.2,16.0,Fayoum,0.3083,0.6659,semi_arid,MEDIUM,0.6007,1,0.78,0.36666666666666653,0.5495652173913044,0.505815,0.0,1.0
R08,2024,2,32.3,31.9,87.3,0.4622,8.86,0.5482,81.8,28.2,Fayoum,0.3083,0.6659,semi_arid,MEDIUM,0.3438,1,0.722608695652174,0.44166666666666643,0.711304347826087,0.38830869565217396,0.49999999999999994,0.8660254037844387
R08,2024,3,37.0,38.7,42.2,0.4358,7.27,0.7536,61.3,20.2,Fayoum,0.3083,0.6659,semi_arid,MEDIUM,0.552,1,0.6634782608695652,0.8333333333333334,0.5330434782608695,0.3826582608695652,0.8660254037844386,0.5000000000000001
R08,2024,4,35.5,28.2,39.8,0.4064,7.31,0.5513,72.3,17.6,Fayoum,0.3083,0.6659,semi_arid,MEDIUM,0.4915,1,0.7547826086956522,0.7083333333333334,0.628695652173913,0.3527926086956522,1.0,6.123233995736766e-17
R08,2024,5,39.6,0.0,37.1,0.2577,7.39,0.5008,42.7,29.5,Fayoum,0.3083,0.6659,semi_arid,HIGH,0.6037,2,1.0,1.0,0.37130434782608696,0.23422500000000002,0.8660254037844387,-0.4999999999999998
R08,2024,6,33.2,17.5,26.3,0.2467,7.76,0.3659,55.3,14.1,Fayoum,0.3083,0.6659,semi_arid,MEDIUM,0.4498,1,0.8478260869565217,0.5166666666666669,0.48086956521739127,0.25100108695652174,0.49999999999999994,-0.8660254037844387
R08,2024,7,31.7,14.1,22.7,0.2785,7.76,0.3559,52.1,13.1,Fayoum,0.3083,0.6659,semi_arid,MEDIUM,0.4914,1,0.8773913043478261,0.3916666666666666,0.4530434782608696,0.2640563043478261,1.2246467991473532e-16,-1.0
R08,2024,8,31.5,28.6,31.8,0.2231,8.5,0.2651,42.8,5.5,Fayoum,0.3083,0.6659,semi_arid,MEDIUM,0.3355,1,0.7513043478260869,0.375,0.37217391304347824,0.25249934782608696,-0.4999999999999997,-0.8660254037844388
R08,2024,9,26.9,46.9,37.6,0.4513,7.49,0.601,66.1,8.4,Fayoum,0.3083,0.6659,semi_arid,MEDIUM,0.3489,1,0.5921739130434782,0.0,0.5747826086956521,0.4018789130434783,-0.8660254037844385,-0.5000000000000004
R08,2024,10,26.6,46.6,67.0,0.3916,7.28,0.403,60.3,14.5,Fayoum,0.3083,0.6659,semi_arid,MEDIUM,0.6405,1,0.5947826086956521,0.0,0.5243478260869565,0.3686526086956522,-1.0,-1.8369701987210297e-16
R08,2024,11,24.1,63.9,41.1,0.612,6.96,0.5271,54.6,25.9,Fayoum,0.3083,0.6659,semi_arid,LOW,0.3477,0,0.44434782608695655,0.0,0.4747826086956522,0.5124378260869565,-0.8660254037844386,0.5000000000000001
R08,2024,12,30.7,78.6,72.2,0.3417,7.77,0.5799,67.2,17.3,Fayoum,0.3083,0.6659,semi_arid,LOW,0.0374,0,0.3165217391304348,0.3083333333333333,0.5843478260869566,0.3829467391304348,-0.5000000000000004,0.8660254037844384
R08,2025,1,33.0,43.9,70.3,0.3946,8.19,0.5192,73.6,41.7,Fayoum,0.3083,0.6659,semi_arid,MEDIUM,0.6652,1,0.6182608695652174,0.5,0.6399999999999999,0.3667808695652174,0.0,1.0
R08,2025,2,34.2,33.2,64.4,0.5956,7.3,0.7901,59.1,28.3,Fayoum,0.3083,0.6659,semi_arid,MEDIUM,0.4376,1,0.711304347826087,0.6000000000000002,0.5139130434782608,0.463374347826087,0.49999999999999994,0.8660254037844387
R08,2025,3,37.4,23.5,51.9,0.4899,7.15,0.4833,57.1,24.2,Fayoum,0.3083,0.6659,semi_arid,HIGH,0.8406,2,0.7956521739130434,0.8666666666666666,0.4965217391304348,0.39258717391304354,0.8660254037844386,0.5000000000000001
R08,2025,4,33.4,30.9,55.5,0.3727,7.52,0.4831,88.7,16.0,Fayoum,0.3083,0.6659,semi_arid,MEDIUM,0.3279,1,0.731304347826087,0.5333333333333332,0.771304347826087,0.33777934782608693,1.0,6.123233995736766e-17
R08,2025,5,37.5,32.2,40.9,0.3795,7.28,0.4341,43.4,32.9,Fayoum,0.3083,0.6659,semi_arid,MEDIUM,0.3172,1,0.72,0.875,0.3773913043478261,0.343215,0.8660254037844387,-0.4999999999999998
R08,2025,6,36.2,19.6,31.8,0.3146,8.05,0.3541,59.4,33.0,Fayoum,0.3083,0.6659,semi_arid,MEDIUM,0.3666,1,0.8295652173913044,0.7666666666666669,0.5165217391304348,0.2910852173913044,0.49999999999999994,-0.8660254037844387
R08,2025,7,30.9,50.9,25.5,0.1921,6.78,0.2444,35.7,14.1,Fayoum,0.3083,0.6659,semi_arid,MEDIUM,0.3423,1,0.557391304347826,0.3249999999999999,0.31043478260869567,0.2645363043478261,1.2246467991473532e-16,-1.0
R08,2025,8,28.0,31.5,35.2,0.3382,7.58,0.3776,27.1,13.1,Fayoum,0.3083,0.6659,semi_arid,MEDIUM,0.3424,1,0.7260869565217392,0.08333333333333333,0.2356521739130435,0.31958695652173913,-0.4999999999999997,-0.8660254037844388
R08,2025,9,24.0,51.8,39.1,0.5247,7.06,0.4014,8.4,18.6,Fayoum,0.3083,0.6659,semi_arid,LOW,0.1936,0,0.5495652173913044,0.0,0.07304347826086957,0.4486402173913044,-0.8660254037844385,-0.5000000000000004
R08,2025,10,24.2,62.8,56.3,0.5226,7.3,0.6431,41.9,15.5,Fayoum,0.3083,0.6659,semi_arid,LOW,0.0082,0,0.4539130434782609,0.0,0.3643478260869565,0.46183304347826093,-1.0,-1.8369701987210297e-16
R08,2025,11,24.4,79.0,66.6,0.6822,7.8,0.7544,36.6,12.8,Fayoum,0.3083,0.6659,semi_arid,LOW,0.248,0,0.31304347826086953,0.0,0.31826086956521743,0.5707434782608696,-0.8660254037844386,0.5000000000000001
R08,2025,12,30.0,78.9,68.9,0.4201,7.65,0.6665,60.9,14.6,Fayoum,0.3083,0.6659,semi_arid,MEDIUM,0.5782,1,0.31391304347826077,0.25,0.5295652173913044,0.4264580434782609,-0.5000000000000004,0.8660254037844384
R09,2019,1,33.9,42.4,75.8,0.4635,7.95,0.5393,65.2,43.5,Red Sea,0.6611,0.7911,arid,MEDIUM,0.6377,1,0.6313043478260869,0.5749999999999998,0.5669565217391305,0.508559347826087,0.0,1.0
R09,2019,2,37.9,45.2,59.4,0.5829,8.33,0.6571,85.3,16.0,Red Sea,0.6611,0.7911,arid,MEDIUM,0.3535,1,0.6069565217391304,0.9083333333333332,0.7417391304347826,0.5778815217391305,0.49999999999999994,0.8660254037844387
R09,2019,3,38.7,34.0,46.7,0.1777,7.32,0.6315,56.9,30.3,Red Sea,0.6611,0.7911,arid,MEDIUM,0.3205,1,0.7043478260869565,0.9750000000000002,0.49478260869565216,0.34041282608695655,0.8660254037844386,0.5000000000000001
R09,2019,4,34.6,33.5,24.0,0.3025,6.45,0.6243,61.9,12.8,Red Sea,0.6611,0.7911,arid,MEDIUM,0.6134,1,0.7086956521739131,0.6333333333333334,0.5382608695652173,0.408400652173913,1.0,6.123233995736766e-17
R09,2019,5,38.9,10.5,53.1,0.2432,7.39,0.5245,63.3,19.9,Red Sea,0.6611,0.7911,arid,MEDIUM,0.5804,1,0.908695652173913,0.9916666666666666,0.5504347826086956,0.34578565217391305,0.8660254037844387,-0.4999999999999998
R09,2019,6,35.0,24.9,28.7,0.1187,7.46,0.4059,78.7,14.0,Red Sea,0.6611,0.7911,arid,MEDIUM,0.5354,1,0.7834782608695652,0.6666666666666666,0.6843478260869565,0.2960932608695653,0.49999999999999994,-0.8660254037844387
R09,2019,7,34.3,28.7,25.4,0.4405,8.61,0.386,60.0,2.9,Red Sea,0.6611,0.7911,arid,MEDIUM,0.594,1,0.7504347826086957,0.6083333333333331,0.5217391304347826,0.4780397826086957,1.2246467991473532e-16,-1.0
R09,2019,8,34.5,10.1,35.6,0.3555,8.2,0.2444,21.6,17.8,Red Sea,0.6611,0.7911,arid,MEDIUM,0.6636,1,0.9121739130434783,0.625,0.18782608695652175,0.40702891304347827,-0.4999999999999997,-0.8660254037844388
R09,2019,9,32.4,44.9,59.2,0.4773,7.43,0.4568,51.3,5.4,Red Sea,0.6611,0.7911,arid,MEDIUM,0.5703,1,0.6095652173913044,0.4499999999999999,0.44608695652173913,0.5194102173913043,-0.8660254037844385,-0.5000000000000004
R09,2019,10,26.7,24.3,40.1,0.4727,8.05,0.5118,37.4,4.9,Red Sea,0.6611,0.7911,arid,MEDIUM,0.4248,1,0.788695652173913,0.0,0.3252173913043478,0.4900106521739131,-1.0,-1.8369701987210297e-16
R09,2019,11,31.7,59.8,61.0,0.2044,7.89,0.6392,39.8,26.7,Red Sea,0.6611,0.7911,arid,MEDIUM,0.4139,1,0.48,0.3916666666666666,0.3460869565217391,0.38875000000000004,-0.8660254037844386,0.5000000000000001
R09,2019,12,28.1,66.5,55.1,0.6535,7.75,0.7941,43.5,22.0,Red Sea,0.6611,0.7911,arid,LOW,0.1273,0,0.4217391304347826,0.09166666666666679,0.3782608695652174,0.6444941304347827,-0.5000000000000004,0.8660254037844384
R09,2020,1,37.5,95.2,73.7,0.6106,8.02,0.7544,40.6,21.7,Red Sea,0.6611,0.7911,arid,LOW,0.123,0,0.1721739130434783,0.875,0.35304347826086957,0.6583339130434782,0.0,1.0
R09,2020,2,38.2,37.6,49.2,0.5435,7.35,0.3861,89.4,28.6,Red Sea,0.6611,0.7911,arid,MEDIUM,0.6651,1,0.6730434782608696,0.9333333333333336,0.7773913043478261,0.5462984782608695,0.49999999999999994,0.8660254037844387
R09,2020,3,36.5,18.6,45.5,0.3427,8.18,0.5397,50.0,24.4,Red Sea,0.6611,0.7911,arid,MEDIUM,0.3689,1,0.8382608695652174,0.7916666666666666,0.43478260869565216,0.4110758695652174,0.8660254037844386,0.5000000000000001
R09,2020,4,44.2,29.1,53.8,0.3961,7.87,0.6288,39.0,15.9,Red Sea,0.6611,0.7911,arid,MEDIUM,0.365,1,0.7469565217391304,1.0,0.3391304347826087,0.45414152173913047,1.0,6.123233995736766e-17
R09,2020,5,37.4,15.1,49.6,0.1914,8.03,0.4756,77.9,18.9,Red Sea,0.6611,0.7911,arid,MEDIUM,0.3715,1,0.8686956521739131,0.8666666666666666,0.6773913043478261,0.32329565217391304,0.8660254037844387,-0.4999999999999998
R09,2020,6,36.4,23.0,30.7,0.3802,6.95,0.3243,78.4,15.2,Red Sea,0.6611,0.7911,arid,MEDIUM,0.3137,1,0.8,0.7833333333333332,0.6817391304347826,0.43744,0.49999999999999994,-0.8660254037844387
R09,2020,7,33.0,0.0,10.2,0.3286,8.57,0.374,42.0,18.2,Red Sea,0.6611,0.7911,arid,MEDIUM,0.6971,1,1.0,0.5,0.3652173913043478,0.37906000000000006,1.2246467991473532e-16,-1.0
R09,2020,8,30.7,25.8,19.8,0.2649,8.18,0.457,0.0,13.6,Red Sea,0.6611,0.7911,arid,LOW,0.0238,0,0.7756521739130435,0.3083333333333333,0.0,0.3776771739130435,-0.4999999999999997,-0.8660254037844388
R09,2020,9,29.6,35.8,18.4,0.3568,7.97,0.5431,34.3,25.0,Red Sea,0.6611,0.7911,arid,LOW,0.2159,0,0.688695652173913,0.21666666666666679,0.29826086956521736,0.44126565217391306,-0.8660254037844385,-0.5000000000000004
R09,2020,10,26.3,51.1,53.9,0.7269,8.17,0.5044,51.5,6.9,Red Sea,0.6611,0.7911,arid,LOW,0.2772,0,0.5556521739130434,0.0,0.44782608695652176,0.6647771739130435,-1.0,-1.8369701987210297e-16
R09,2020,11,26.2,54.7,70.2,0.5667,8.08,0.5634,61.1,17.9,Red Sea,0.6611,0.7911,arid,LOW,0.1214,0,0.5243478260869565,0.0,0.5313043478260869,0.5813628260869566,-0.8660254037844386,0.5000000000000001
R09,2020,12,33.8,53.6,62.6,0.6228,7.27,0.7596,36.4,25.6,Red Sea,0.6611,0.7911,arid,LOW,0.0162,0,0.5339130434782609,0.5666666666666664,0.31652173913043474,0.6107830434782608,-0.5000000000000004,0.8660254037844384
R09,2021,1,32.1,59.3,72.0,0.4364,7.58,0.6598,54.5,39.2,Red Sea,0.6611,0.7911,arid,LOW,0.1108,0,0.4843478260869566,0.4250000000000001,0.47391304347826085,0.5156978260869565,0.0,1.0
R09,2021,2,38.4,47.0,75.5,0.7389,7.59,0.5633,68.1,29.6,Red Sea,0.6611,0.7911,arid,MEDIUM,0.3233,1,0.5913043478260869,0.9499999999999998,0.5921739130434782,0.6660293478260869,0.49999999999999994,0.8660254037844387
R09,2021,3,38.6,46.8,68.7,0.3339,8.63,0.2938,78.5,35.7,Red Sea,0.6611,0.7911,arid,MEDIUM,0.5177,1,0.5930434782608696,0.9666666666666668,0.6826086956521739,0.4430184782608696,0.8660254037844386,0.5000000000000001
R09,2021,4,36.6,0.0,65.4,0.1797,9.0,0.5591,74.7,35.4,Red Sea,0.6611,0.7911,arid,HIGH,0.8497,2,1.0,0.8000000000000002,0.6495652173913044,0.297165,1.0,6.123233995736766e-17
R09,2021,5,39.1,0.0,32.9,0.0941,7.78,0.4317,66.6,21.3,Red Sea,0.6611,0.7911,arid,MEDIUM,0.3384,1,1.0,1.0,0.5791304347826086,0.250085,0.8660254037844387,-0.4999999999999998
R09,2021,6,38.8,10.8,27.6,0.3015,8.72,0.409,68.6,15.3,Red Sea,0.6611,0.7911,arid,MEDIUM,0.3887,1,0.9060869565217391,0.9833333333333331,0.5965217391304347,0.37824195652173914,0.49999999999999994,-0.8660254037844387
R09,2021,7,38.2,2.0,22.0,0.162,8.19,0.2802,43.0,26.8,Red Sea,0.6611,0.7911,arid,MEDIUM,0.3014,1,0.9826086956521739,0.9333333333333336,0.3739130434782609,0.29003869565217394,1.2246467991473532e-16,-1.0
R09,2021,8,32.1,30.9,37.6,0.176,6.92,0.2136,61.3,11.9,Red Sea,0.6611,0.7911,arid,LOW,0.2245,0,0.731304347826087,0.4250000000000001,0.5330434782608695,0.33543434782608694,-0.4999999999999997,-0.8660254037844388
R09,2021,9,32.4,38.0,44.9,0.2924,7.21,0.4563,28.2,24.8,Red Sea,0.6611,0.7911,arid,LOW,0.0613,0,0.6695652173913044,0.4499999999999999,0.24521739130434783,0.40871521739130434,-0.8660254037844385,-0.5000000000000004
R09,2021,10,28.2,45.9,51.1,0.3561,6.23,0.3956,49.0,18.5,Red Sea,0.6611,0.7911,arid,LOW,0.0799,0,0.6008695652173913,0.09999999999999994,0.4260869565217391,0.4540545652173913,-1.0,-1.8369701987210297e-16
R09,2021,11,30.3,63.9,65.6,0.5166,7.5,0.727,37.7,22.7,Red Sea,0.6611,0.7911,arid,LOW,0.0965,0,0.44434782608695655,0.2750000000000001,0.32782608695652177,0.5658078260869566,-0.8660254037844386,0.5000000000000001
R09,2021,12,31.6,42.9,68.0,0.5264,8.24,0.628,49.7,18.7,Red Sea,0.6611,0.7911,arid,LOW,0.2476,0,0.6269565217391304,0.38333333333333347,0.4321739130434783,0.5438065217391305,-0.5000000000000004,0.8660254037844384
R09,2022,1,33.9,55.2,92.1,0.5681,7.38,0.6441,59.4,29.1,Red Sea,0.6611,0.7911,arid,LOW,0.3492,0,0.52,0.5749999999999998,0.5165217391304348,0.582785,0.0,1.0
R09,2022,2,34.9,51.3,78.0,0.4082,7.89,0.6063,57.4,35.2,Red Sea,0.6611,0.7911,arid,MEDIUM,0.3163,1,0.5539130434782609,0.6583333333333332,0.49913043478260866,0.4897530434782609,0.49999999999999994,0.8660254037844387
R09,2022,3,38.6,70.1,56.2,0.2866,8.3,0.6177,84.3,34.7,Red Sea,0.6611,0.7911,arid,MEDIUM,0.3431,1,0.3904347826086957,0.9666666666666668,0.7330434782608696,0.4473947826086957,0.8660254037844386,0.5000000000000001
R09,2022,4,40.0,13.0,46.5,0.2462,7.87,0.4916,58.8,30.0,Red Sea,0.6611,0.7911,arid,HIGH,0.8706,2,0.8869565217391304,1.0,0.5113043478260869,0.35069652173913046,1.0,6.123233995736766e-17
R09,2022,5,39.1,30.4,43.2,0.1227,7.84,0.3629,58.7,10.1,Red Sea,0.6611,0.7911,arid,MEDIUM,0.3239,1,0.7356521739130435,1.0,0.5104347826086957,0.3054671739130435,0.8660254037844387,-0.4999999999999998
R09,2022,6,40.3,13.6,29.4,0.0866,6.99,0.3342,60.1,17.2,Red Sea,0.6611,0.7911,arid,HIGH,0.7275,2,0.8817391304347826,1.0,0.5226086956521739,0.2636991304347826,0.49999999999999994,-0.8660254037844387
R09,2022,7,42.1,23.6,22.8,0.2948,7.45,0.6021,81.4,24.7,Red Sea,0.6611,0.7911,arid,HIGH,0.716,2,0.7947826086956522,1.0,0.7078260869565218,0.3912526086956522,1.2246467991473532e-16,-1.0
R09,2022,8,29.4,10.9,42.0,0.4063,8.45,0.4496,47.7,14.0,Red Sea,0.6611,0.7911,arid,MEDIUM,0.6739,1,0.9052173913043479,0.19999999999999987,0.4147826086956522,0.4360123913043479,-0.4999999999999997,-0.8660254037844388
R09,2022,9,28.6,36.9,39.4,0.6223,7.41,0.1689,37.5,5.0,Red Sea,0.6611,0.7911,arid,LOW,0.1512,0,0.6791304347826087,0.13333333333333344,0.32608695652173914,0.5887254347826086,-0.8660254037844385,-0.5000000000000004
R09,2022,10,31.2,32.3,39.2,0.4465,8.08,0.5152,10.9,9.0,Red Sea,0.6611,0.7911,arid,MEDIUM,0.5078,1,0.7191304347826087,0.3499999999999999,0.09478260869565218,0.4860354347826087,-1.0,-1.8369701987210297e-16
R09,2022,11,30.3,61.3,63.3,0.6063,8.46,0.6132,41.8,3.2,Red Sea,0.6611,0.7911,arid,LOW,0.3093,0,0.4669565217391305,0.2750000000000001,0.3634782608695652,0.6117515217391305,-0.8660254037844386,0.5000000000000001
R09,2022,12,29.1,65.2,59.9,0.6959,7.33,0.5204,41.8,22.0,Red Sea,0.6611,0.7911,arid,LOW,0.235,0,0.43304347826086953,0.17500000000000013,0.3634782608695652,0.6661184782608696,-0.5000000000000004,0.8660254037844384
R09,2023,1,32.4,38.2,83.0,0.7669,7.85,0.5877,54.3,21.6,Red Sea,0.6611,0.7911,arid,MEDIUM,0.5115,1,0.6678260869565218,0.4499999999999999,0.4721739130434782,0.6699510869565217,0.0,1.0
R09,2023,2,38.4,54.1,79.8,0.4254,7.48,0.559,57.9,41.8,Red Sea,0.6611,0.7911,arid,MEDIUM,0.674,1,0.5295652173913044,0.9499999999999998,0.5034782608695652,0.5028652173913044,0.49999999999999994,0.8660254037844387
R09,2023,3,46.8,9.4,52.6,0.246,7.05,0.5555,74.9,22.4,Red Sea,0.6611,0.7911,arid,HIGH,0.6516,2,0.9182608695652174,1.0,0.651304347826087,0.34589086956521736,0.8660254037844386,0.5000000000000001
R09,2023,4,37.2,12.2,39.2,0.2288,8.35,0.5293,62.0,23.8,Red Sea,0.6611,0.7911,arid,MEDIUM,0.3816,1,0.8939130434782608,0.8500000000000002,0.5391304347826087,0.3400830434782609,1.0,6.123233995736766e-17
R09,2023,5,37.4,0.0,43.4,0.2586,7.43,0.4129,46.0,13.8,Red Sea,0.6611,0.7911,arid,HIGH,0.9043,2,1.0,0.8666666666666666,0.4,0.34056000000000003,0.8660254037844387,-0.4999999999999998
R09,2023,6,36.7,22.2,37.8,0.2433,8.16,0.3607,65.2,12.6,Red Sea,0.6611,0.7911,arid,HIGH,0.6706,2,0.8069565217391305,0.8083333333333336,0.5669565217391305,0.36110152173913046,0.49999999999999994,-0.8660254037844387
R09,2023,7,35.8,12.1,51.2,0.3563,7.8,0.4293,26.1,12.7,Red Sea,0.6611,0.7911,arid,MEDIUM,0.6814,1,0.8947826086956522,0.7333333333333331,0.22695652173913045,0.41007760869565224,1.2246467991473532e-16,-1.0
R09,2023,8,32.2,0.0,22.7,0.2412,6.89,0.3969,38.8,0.0,Red Sea,0.6611,0.7911,arid,MEDIUM,0.6455,1,1.0,0.43333333333333357,0.33739130434782605,0.33099,-0.4999999999999997,-0.8660254037844388
R09,2023,9,24.4,35.3,38.8,0.487,8.09,0.4672,34.4,20.0,Red Sea,0.6611,0.7911,arid,MEDIUM,0.4449,1,0.6930434782608696,0.0,0.2991304347826087,0.5122234782608696,-0.8660254037844385,-0.5000000000000004
R09,2023,10,27.6,75.2,55.5,0.4582,7.4,0.5552,43.8,33.8,Red Sea,0.6611,0.7911,arid,LOW,0.034,0,0.34608695652173915,0.05000000000000012,0.3808695652173913,0.5484269565217391,-1.0,-1.8369701987210297e-16
R09,2023,11,31.8,38.4,50.0,0.6244,7.52,0.6859,61.3,31.6,Red Sea,0.6611,0.7911,arid,MEDIUM,0.6815,1,0.6660869565217391,0.4000000000000001,0.5330434782608695,0.5918369565217391,-0.8660254037844386,0.5000000000000001
R09,2023,12,31.6,57.6,48.8,0.4941,7.51,0.7935,92.0,30.1,Red Sea,0.6611,0.7911,arid,MEDIUM,0.6244,1,0.49913043478260866,0.38333333333333347,0.8,0.5452154347826087,-0.5000000000000004,0.8660254037844384
R09,2024,1,33.5,52.5,67.8,0.6774,7.62,0.6787,59.9,34.7,Red Sea,0.6611,0.7911,arid,MEDIUM,0.3268,1,0.5434782608695652,0.5416666666666666,0.5208695652173913,0.6393782608695652,0.0,1.0
R09,2024,2,34.1,36.9,65.6,0.5186,6.43,0.5393,54.6,28.9,Red Sea,0.6611,0.7911,arid,MEDIUM,0.5093,1,0.6791304347826087,0.5916666666666668,0.4747826086956522,0.5316904347826087,0.49999999999999994,0.8660254037844387
R09,2024,3,38.6,44.1,70.8,0.3939,7.62,0.5997,55.3,30.1,Red Sea,0.6611,0.7911,arid,HIGH,0.6042,2,0.6165217391304347,0.9666666666666668,0.48086956521739127,0.4724967391304348,0.8660254037844386,0.5000000000000001
R09,2024,4,38.1,18.2,54.4,0.4355,7.64,0.3942,53.2,18.5,Red Sea,0.6611,0.7911,arid,HIGH,0.6114,2,0.8417391304347827,0.9250000000000002,0.46260869565217394,0.4615941304347826,1.0,6.123233995736766e-17
R09,2024,5,40.2,11.2,47.9,0.2658,7.64,0.4094,63.7,18.9,Red Sea,0.6611,0.7911,arid,HIGH,0.7587,2,0.9026086956521739,1.0,0.5539130434782609,0.359128695652174,0.8660254037844387,-0.4999999999999998
R09,2024,6,39.4,34.4,50.5,0.165,8.92,0.146,21.1,4.4,Red Sea,0.6611,0.7911,arid,MEDIUM,0.6394,1,0.7008695652173913,1.0,0.18347826086956523,0.33394956521739133,0.49999999999999994,-0.8660254037844387
R09,2024,7,31.4,17.9,30.1,0.1802,7.8,0.2719,25.3,6.0,Red Sea,0.6611,0.7911,arid,MEDIUM,0.5218,1,0.8443478260869566,0.36666666666666653,0.22,0.32078782608695655,1.2246467991473532e-16,-1.0
R09,2024,8,31.2,15.3,17.8,0.408,8.21,0.3653,43.2,13.8,Red Sea,0.6611,0.7911,arid,MEDIUM,0.5471,1,0.8669565217391304,0.3499999999999999,0.3756521739130435,0.4426865217391305,-0.4999999999999997,-0.8660254037844388
R09,2024,9,29.9,23.5,40.9,0.3675,7.74,0.4145,51.0,19.1,Red Sea,0.6611,0.7911,arid,MEDIUM,0.3515,1,0.7956521739130434,0.24166666666666656,0.4434782608695652,0.4311071739130435,-0.8660254037844385,-0.5000000000000004
R09,2024,10,26.6,28.5,52.3,0.4906,7.71,0.5252,53.1,20.9,Red Sea,0.6611,0.7911,arid,LOW,0.1568,0,0.7521739130434782,0.0,0.4617391304347826,0.5053339130434783,-1.0,-1.8369701987210297e-16
R09,2024,11,30.1,61.0,81.9,0.6636,7.18,0.4699,45.6,28.8,Red Sea,0.6611,0.7911,arid,MEDIUM,0.3726,1,0.4695652173913043,0.25833333333333347,0.3965217391304348,0.6428752173913044,-0.8660254037844386,0.5000000000000001
R09,2024,12,32.3,62.3,56.5,0.3902,8.23,0.6549,63.8,27.0,Red Sea,0.6611,0.7911,arid,MEDIUM,0.5581,1,0.4582608695652174,0.44166666666666643,0.5547826086956521,0.4942008695652174,-0.5000000000000004,0.8660254037844384
R09,2025,1,30.1,76.1,60.8,0.6338,7.09,0.8285,76.6,8.2,Red Sea,0.6611,0.7911,arid,LOW,0.1767,0,0.3382608695652174,0.25833333333333347,0.6660869565217391,0.6461808695652175,0.0,1.0
R09,2025,2,33.4,44.4,66.4,0.4269,7.88,0.7153,58.6,25.6,Red Sea,0.6611,0.7911,arid,MEDIUM,0.4503,1,0.6139130434782609,0.5333333333333332,0.5095652173913043,0.4910380434782609,0.49999999999999994,0.8660254037844387
R09,2025,3,35.6,30.4,72.3,0.2816,7.53,0.5929,82.3,39.5,Red Sea,0.6611,0.7911,arid,MEDIUM,0.419,1,0.7356521739130435,0.7166666666666668,0.7156521739130435,0.3928621739130435,0.8660254037844386,0.5000000000000001
R09,2025,4,36.6,4.1,59.4,0.6429,7.95,0.6606,41.2,35.3,Red Sea,0.6611,0.7911,arid,MEDIUM,0.4598,1,0.9643478260869566,0.8000000000000002,0.3582608695652174,0.5572728260869565,1.0,6.123233995736766e-17
R09,2025,5,39.8,8.4,24.2,0.3715,7.98,0.3261,39.9,10.9,Red Sea,0.6611,0.7911,arid,HIGH,0.9104,2,0.9269565217391305,1.0,0.34695652173913044,0.4136115217391304,0.8660254037844387,-0.4999999999999998
R09,2025,6,34.3,14.2,44.3,0.3272,7.05,0.5302,46.5,13.5,Red Sea,0.6611,0.7911,arid,MEDIUM,0.6499,1,0.8765217391304347,0.6083333333333331,0.4043478260869565,0.3968117391304348,0.49999999999999994,-0.8660254037844387
R09,2025,7,30.9,16.4,36.8,0.2508,6.47,0.3159,19.1,18.3,Red Sea,0.6611,0.7911,arid,MEDIUM,0.4742,1,0.8573913043478261,0.3249999999999999,0.16608695652173913,0.35766130434782617,1.2246467991473532e-16,-1.0
R09,2025,8,24.4,40.5,20.9,0.3785,7.68,0.4416,47.2,20.4,Red Sea,0.6611,0.7911,arid,LOW,0.1696,0,0.6478260869565218,0.0,0.4104347826086957,0.45933108695652175,-0.4999999999999997,-0.8660254037844388
R09,2025,9,30.7,38.7,50.8,0.298,7.15,0.4179,28.5,12.8,Red Sea,0.6611,0.7911,arid,MEDIUM,0.4423,1,0.6634782608695652,0.3083333333333333,0.24782608695652175,0.41270826086956525,-0.8660254037844385,-0.5000000000000004
R09,2025,10,30.7,9.3,42.2,0.5038,7.63,0.6227,36.6,29.5,Red Sea,0.6611,0.7911,arid,MEDIUM,0.3825,1,0.9191304347826087,0.3083333333333333,0.31826086956521743,0.48755043478260873,-1.0,-1.8369701987210297e-16
R09,2025,11,30.1,49.4,64.8,0.4712,7.96,0.5818,0.0,12.3,Red Sea,0.6611,0.7911,arid,MEDIUM,0.3025,1,0.5704347826086957,0.25833333333333347,0.0,0.5219247826086957,-0.8660254037844386,0.5000000000000001
R09,2025,12,33.9,64.1,65.2,0.4132,7.14,0.6311,50.1,15.3,Red Sea,0.6611,0.7911,arid,MEDIUM,0.6991,1,0.442608695652174,0.5749999999999998,0.4356521739130435,0.5091986956521739,-0.5000000000000004,0.8660254037844384
R10,2019,1,30.0,45.5,74.2,0.8109,8.24,0.4774,53.6,25.9,Matrouh,0.8685,0.3592,mediterranean,LOW,0.1828,0,0.6043478260869566,0.25,0.46608695652173915,0.7658928260869565,0.0,1.0
R10,2019,2,34.7,54.5,76.4,0.1267,8.32,0.6203,53.1,28.5,Matrouh,0.8685,0.3592,mediterranean,LOW,0.0279,0,0.5260869565217392,0.6416666666666669,0.4617391304347826,0.40132195652173913,0.49999999999999994,0.8660254037844387
R10,2019,3,40.2,0.0,47.2,0.537,7.51,0.61,74.4,25.0,Matrouh,0.8685,0.3592,mediterranean,MEDIUM,0.4048,1,1.0,1.0,0.6469565217391304,0.5559000000000001,0.8660254037844386,0.5000000000000001
R10,2019,4,46.2,16.8,30.2,0.4015,7.73,0.4574,56.2,22.7,Matrouh,0.8685,0.3592,mediterranean,MEDIUM,0.5948,1,0.8539130434782609,1.0,0.4886956521739131,0.5032880434782608,1.0,6.123233995736766e-17
R10,2019,5,43.5,17.9,51.0,0.2298,8.22,0.4236,57.4,6.1,Matrouh,0.8685,0.3592,mediterranean,MEDIUM,0.3637,1,0.8443478260869566,1.0,0.49913043478260866,0.4102878260869565,0.8660254037844387,-0.4999999999999998
R10,2019,6,38.8,21.9,36.3,0.3169,7.72,0.2373,56.9,12.4,Matrouh,0.8685,0.3592,mediterranean,MEDIUM,0.6631,1,0.8095652173913044,0.9833333333333331,0.49478260869565216,0.4634102173913044,0.49999999999999994,-0.8660254037844387
R10,2019,7,37.6,51.8,39.7,0.464,7.65,0.2932,61.4,17.8,Matrouh,0.8685,0.3592,mediterranean,MEDIUM,0.3602,1,0.5495652173913044,0.8833333333333334,0.5339130434782609,0.5833152173913044,1.2246467991473532e-16,-1.0
R10,2019,8,28.3,31.7,44.1,0.2921,7.98,0.3314,54.6,3.9,Matrouh,0.8685,0.3592,mediterranean,LOW,0.0656,0,0.7243478260869565,0.10833333333333339,0.4747826086956522,0.4625528260869566,-0.4999999999999997,-0.8660254037844388
R10,2019,9,34.8,28.6,51.6,0.3979,7.93,0.4425,29.4,3.1,Matrouh,0.8685,0.3592,mediterranean,LOW,0.1985,0,0.7513043478260869,0.6499999999999998,0.25565217391304346,0.516699347826087,-0.8660254037844385,-0.5000000000000004
R10,2019,10,33.3,83.6,42.5,0.2171,8.89,0.4853,26.4,26.0,Matrouh,0.8685,0.3592,mediterranean,LOW,0.2406,0,0.2730434782608696,0.5249999999999998,0.22956521739130434,0.48899847826086956,-1.0,-1.8369701987210297e-16
R10,2019,11,29.6,47.7,55.1,0.6429,7.26,0.5279,64.8,10.8,Matrouh,0.8685,0.3592,mediterranean,LOW,0.0416,0,0.5852173913043478,0.21666666666666679,0.5634782608695652,0.6763623913043478,-0.8660254037844386,0.5000000000000001
R10,2019,12,30.3,13.6,63.0,0.5193,8.68,0.5713,43.1,23.4,Matrouh,0.8685,0.3592,mediterranean,MEDIUM,0.5982,1,0.8817391304347826,0.2750000000000001,0.37478260869565216,0.5639041304347826,-0.5000000000000004,0.8660254037844384
R10,2020,1,36.6,44.9,89.4,0.6642,7.62,0.6047,66.3,12.8,Matrouh,0.8685,0.3592,mediterranean,LOW,0.3176,0,0.6095652173913044,0.8000000000000002,0.5765217391304348,0.6844252173913045,0.0,1.0
R10,2020,2,38.0,64.4,69.9,0.4705,8.59,0.4409,38.9,31.9,Matrouh,0.8685,0.3592,mediterranean,LOW,0.1259,0,0.43999999999999995,0.9166666666666666,0.3382608695652174,0.603325,0.49999999999999994,0.8660254037844387
R10,2020,3,42.3,39.2,73.7,0.2421,6.98,0.4662,35.8,23.4,Matrouh,0.8685,0.3592,mediterranean,LOW,0.1985,0,0.6591304347826087,1.0,0.31130434782608696,0.44483543478260873,0.8660254037844386,0.5000000000000001
R10,2020,4,40.7,32.4,53.7,0.2026,7.14,0.4266,65.4,27.3,Matrouh,0.8685,0.3592,mediterranean,MEDIUM,0.4681,1,0.7182608695652174,1.0,0.568695652173913,0.41424086956521744,1.0,6.123233995736766e-17
R10,2020,5,39.0,23.8,62.3,0.05,7.44,0.545,55.4,17.1,Matrouh,0.8685,0.3592,mediterranean,MEDIUM,0.49,1,0.7930434782608695,1.0,0.4817391304347826,0.3190934782608696,0.8660254037844387,-0.4999999999999998
R10,2020,6,37.2,21.3,45.3,0.2484,8.04,0.2698,62.7,18.3,Matrouh,0.8685,0.3592,mediterranean,MEDIUM,0.6212,1,0.8147826086956522,0.8500000000000002,0.5452173913043479,0.4249526086956522,0.49999999999999994,-0.8660254037844387
R10,2020,7,38.9,17.9,6.2,0.05,7.38,0.3457,32.8,13.4,Matrouh,0.8685,0.3592,mediterranean,MEDIUM,0.4053,1,0.8443478260869566,0.9916666666666666,0.2852173913043478,0.31139782608695654,1.2246467991473532e-16,-1.0
R10,2020,8,34.6,0.0,47.4,0.4042,8.4,0.4332,42.8,25.7,Matrouh,0.8685,0.3592,mediterranean,MEDIUM,0.4561,1,1.0,0.6333333333333334,0.37217391304347824,0.48286,-0.4999999999999997,-0.8660254037844388
R10,2020,9,31.7,50.0,31.0,0.3115,7.96,0.3929,46.8,22.8,Matrouh,0.8685,0.3592,mediterranean,LOW,0.2661,0,0.5652173913043479,0.3916666666666666,0.4069565217391304,0.4970923913043478,-0.8660254037844385,-0.5000000000000004
R10,2020,10,25.8,48.9,49.7,0.4759,8.97,0.3238,27.9,11.8,Matrouh,0.8685,0.3592,mediterranean,LOW,0.0398,0,0.5747826086956522,0.0,0.2426086956521739,0.5860776086956521,-1.0,-1.8369701987210297e-16
R10,2020,11,29.7,53.6,87.7,0.545,8.56,0.4284,39.0,18.9,Matrouh,0.8685,0.3592,mediterranean,LOW,0.0342,0,0.5339130434782609,0.22499999999999995,0.3391304347826087,0.6302130434782609,-0.8660254037844386,0.5000000000000001
R10,2020,12,35.5,70.7,75.8,0.5228,7.69,0.6076,34.9,34.1,Matrouh,0.8685,0.3592,mediterranean,LOW,0.1794,0,0.38521739130434784,0.7083333333333334,0.3034782608695652,0.6403073913043479,-0.5000000000000004,0.8660254037844384
R10,2021,1,39.9,49.5,49.5,0.3817,8.25,0.7166,70.8,24.5,Matrouh,0.8685,0.3592,mediterranean,MEDIUM,0.3244,1,0.5695652173913044,1.0,0.6156521739130435,0.5350502173913044,0.0,1.0
R10,2021,2,37.4,57.2,57.6,0.561,7.51,0.6386,72.6,29.8,Matrouh,0.8685,0.3592,mediterranean,LOW,0.1496,0,0.5026086956521738,0.8666666666666666,0.6313043478260869,0.643708695652174,0.49999999999999994,0.8660254037844387
R10,2021,3,39.3,24.6,75.0,0.2921,7.78,0.7903,75.8,16.2,Matrouh,0.8685,0.3592,mediterranean,MEDIUM,0.4903,1,0.7860869565217391,1.0,0.6591304347826087,0.4532919565217392,0.8660254037844386,0.5000000000000001
R10,2021,4,42.7,34.8,56.2,0.3115,7.36,0.518,60.8,23.5,Matrouh,0.8685,0.3592,mediterranean,MEDIUM,0.412,1,0.6973913043478261,1.0,0.528695652173913,0.4772663043478261,1.0,6.123233995736766e-17
R10,2021,5,39.7,20.6,28.1,0.0646,7.35,0.3209,66.9,15.0,Matrouh,0.8685,0.3592,mediterranean,MEDIUM,0.4067,1,0.8208695652173913,1.0,0.5817391304347826,0.3229495652173913,0.8660254037844387,-0.4999999999999998
R10,2021,6,31.4,17.3,35.9,0.1467,8.42,0.4279,12.5,7.3,Matrouh,0.8685,0.3592,mediterranean,LOW,0.1303,0,0.8495652173913043,0.36666666666666653,0.10869565217391304,0.36380021739130436,0.49999999999999994,-0.8660254037844387
R10,2021,7,39.1,41.2,45.7,0.2896,7.4,0.2959,41.6,13.6,Matrouh,0.8685,0.3592,mediterranean,LOW,0.2852,0,0.6417391304347826,1.0,0.3617391304347826,0.47356913043478266,1.2246467991473532e-16,-1.0
R10,2021,8,30.0,19.7,37.5,0.3326,7.64,0.3423,62.3,16.7,Matrouh,0.8685,0.3592,mediterranean,LOW,0.0354,0,0.828695652173913,0.25,0.5417391304347826,0.46917565217391305,-0.4999999999999997,-0.8660254037844388
R10,2021,9,38.8,57.2,51.2,0.453,7.78,0.4476,36.2,12.8,Matrouh,0.8685,0.3592,mediterranean,LOW,0.1536,0,0.5026086956521738,0.9833333333333331,0.3147826086956522,0.5843086956521739,-0.8660254037844385,-0.5000000000000004
R10,2021,10,29.3,31.8,57.9,0.6911,7.86,0.6179,53.6,11.3,Matrouh,0.8685,0.3592,mediterranean,LOW,0.2084,0,0.7234782608695652,0.19166666666666674,0.46608695652173915,0.6821332608695653,-1.0,-1.8369701987210297e-16
R10,2021,11,27.9,48.7,58.9,0.6403,7.22,0.4648,40.4,11.3,Matrouh,0.8685,0.3592,mediterranean,LOW,0.0688,0,0.5765217391304347,0.07499999999999989,0.35130434782608694,0.6762367391304348,-0.8660254037844386,0.5000000000000001
R10,2021,12,37.8,49.7,42.9,0.5,7.52,0.6209,71.3,27.1,Matrouh,0.8685,0.3592,mediterranean,LOW,0.0392,0,0.5678260869565217,0.8999999999999998,0.62,0.6003760869565217,-0.5000000000000004,0.8660254037844384
R10,2022,1,37.0,41.8,70.4,0.647,8.58,0.6808,46.9,26.0,Matrouh,0.8685,0.3592,mediterranean,LOW,0.1221,0,0.6365217391304347,0.8333333333333334,0.4078260869565217,0.6709217391304348,0.0,1.0
R10,2022,2,37.7,40.9,75.2,0.4465,6.91,0.637,70.6,26.0,Matrouh,0.8685,0.3592,mediterranean,MEDIUM,0.4912,1,0.6443478260869565,0.8916666666666669,0.6139130434782608,0.5594728260869566,0.49999999999999994,0.8660254037844387
R10,2022,3,35.2,27.2,66.8,0.4031,8.04,0.7856,57.0,21.7,Matrouh,0.8685,0.3592,mediterranean,LOW,0.2058,0,0.7634782608695652,0.6833333333333336,0.4956521739130435,0.5177332608695652,0.8660254037844386,0.5000000000000001
R10,2022,4,38.7,0.9,56.7,0.4489,8.34,0.4038,68.1,21.1,Matrouh,0.8685,0.3592,mediterranean,MEDIUM,0.6851,1,0.9921739130434782,0.9750000000000002,0.5921739130434782,0.5086189130434783,1.0,6.123233995736766e-17
R10,2022,5,43.2,17.0,20.4,0.1652,7.9,0.3475,50.7,9.3,Matrouh,0.8685,0.3592,mediterranean,MEDIUM,0.6,1,0.8521739130434782,1.0,0.44086956521739135,0.37358391304347827,0.8660254037844387,-0.4999999999999998
R10,2022,6,40.1,0.0,35.8,0.2601,8.13,0.2613,51.2,14.6,Matrouh,0.8685,0.3592,mediterranean,MEDIUM,0.6531,1,1.0,1.0,0.44521739130434784,0.403605,0.49999999999999994,-0.8660254037844387
R10,2022,7,32.8,0.3,25.6,0.3704,8.0,0.1771,37.7,14.7,Matrouh,0.8685,0.3592,mediterranean,MEDIUM,0.4589,1,0.9973913043478261,0.4833333333333331,0.32782608695652177,0.4646613043478261,1.2246467991473532e-16,-1.0
R10,2022,8,32.5,15.3,38.6,0.2938,8.09,0.4674,48.2,17.6,Matrouh,0.8685,0.3592,mediterranean,LOW,0.1869,0,0.8669565217391304,0.4583333333333333,0.4191304347826087,0.44209652173913044,-0.4999999999999997,-0.8660254037844388
R10,2022,9,29.8,49.7,42.8,0.3595,8.36,0.4437,43.3,11.1,Matrouh,0.8685,0.3592,mediterranean,LOW,0.2242,0,0.5678260869565217,0.2333333333333334,0.37652173913043474,0.5231010869565217,-0.8660254037844385,-0.5000000000000004
R10,2022,10,28.4,32.0,33.5,0.3422,7.24,0.6123,28.5,7.6,Matrouh,0.8685,0.3592,mediterranean,LOW,0.2588,0,0.7217391304347827,0.11666666666666654,0.24782608695652175,0.49049913043478266,-1.0,-1.8369701987210297e-16
R10,2022,11,32.0,47.0,36.3,0.7167,8.11,0.7246,33.6,20.2,Matrouh,0.8685,0.3592,mediterranean,LOW,0.1083,0,0.5913043478260869,0.4166666666666667,0.2921739130434783,0.716039347826087,-0.8660254037844386,0.5000000000000001
R10,2022,12,31.4,41.5,83.1,0.7268,8.29,0.5388,38.2,24.8,Matrouh,0.8685,0.3592,mediterranean,LOW,0.0816,0,0.6391304347826087,0.36666666666666653,0.33217391304347826,0.7144204347826087,-0.5000000000000004,0.8660254037844384
R10,2023,1,30.4,30.7,81.1,0.781,8.22,0.6114,43.0,13.6,Matrouh,0.8685,0.3592,mediterranean,MEDIUM,0.5859,1,0.7330434782608696,0.2833333333333332,0.3739130434782609,0.7301434782608696,0.0,1.0
R10,2023,2,42.1,33.8,61.0,0.4198,8.08,0.4628,75.3,24.2,Matrouh,0.8685,0.3592,mediterranean,MEDIUM,0.3103,1,0.7060869565217391,1.0,0.6547826086956522,0.5355269565217391,0.49999999999999994,0.8660254037844387
R10,2023,3,41.7,0.1,41.4,0.484,7.47,0.6121,52.4,18.2,Matrouh,0.8685,0.3592,mediterranean,MEDIUM,0.6351,1,0.9991304347826087,1.0,0.45565217391304347,0.5268804347826087,0.8660254037844386,0.5000000000000001
R10,2023,4,39.7,48.2,45.6,0.2374,7.82,0.4243,69.3,35.0,Matrouh,0.8685,0.3592,mediterranean,MEDIUM,0.514,1,0.5808695652173913,1.0,0.6026086956521739,0.4539895652173913,1.0,6.123233995736766e-17
R10,2023,5,40.1,34.7,61.1,0.2074,8.89,0.5635,51.5,18.3,Matrouh,0.8685,0.3592,mediterranean,MEDIUM,0.3212,1,0.6982608695652174,1.0,0.44782608695652176,0.4198808695652174,0.8660254037844387,-0.4999999999999998
R10,2023,6,36.3,14.7,50.9,0.2425,7.94,0.4545,66.1,1.5,Matrouh,0.8685,0.3592,mediterranean,MEDIUM,0.6718,1,0.8721739130434782,0.7749999999999998,0.5747826086956521,0.41309891304347823,0.49999999999999994,-0.8660254037844387
R10,2023,7,30.9,33.1,19.8,0.3624,7.54,0.3423,72.0,32.6,Matrouh,0.8685,0.3592,mediterranean,LOW,0.039,0,0.7121739130434783,0.3249999999999999,0.6260869565217392,0.5030439130434783,1.2246467991473532e-16,-1.0
R10,2023,8,33.3,21.4,23.1,0.0814,8.51,0.5766,0.0,11.2,Matrouh,0.8685,0.3592,mediterranean,MEDIUM,0.54,1,0.8139130434782609,0.5249999999999998,0.0,0.3332330434782609,-0.4999999999999997,-0.8660254037844388
R10,2023,9,28.2,39.1,50.0,0.4096,6.89,0.4859,24.2,11.0,Matrouh,0.8685,0.3592,mediterranean,LOW,0.2746,0,0.6599999999999999,0.09999999999999994,0.21043478260869564,0.53683,-0.8660254037844385,-0.5000000000000004
R10,2023,10,30.1,46.1,55.7,0.3915,7.62,0.5627,30.7,22.5,Matrouh,0.8685,0.3592,mediterranean,LOW,0.0027,0,0.5991304347826087,0.25833333333333347,0.2669565217391304,0.5360054347826088,-1.0,-1.8369701987210297e-16
R10,2023,11,28.3,63.4,68.2,0.6038,7.71,0.51,40.8,12.7,Matrouh,0.8685,0.3592,mediterranean,LOW,0.1795,0,0.44869565217391305,0.10833333333333339,0.35478260869565215,0.6753356521739131,-0.8660254037844386,0.5000000000000001
R10,2023,12,40.8,49.4,62.7,0.6151,7.75,0.519,47.4,28.1,Matrouh,0.8685,0.3592,mediterranean,MEDIUM,0.3039,1,0.5704347826086957,1.0,0.4121739130434782,0.6632897826086956,-0.5000000000000004,0.8660254037844384
R10,2024,1,37.8,64.6,64.6,0.5333,8.12,0.6322,39.7,13.8,Matrouh,0.8685,0.3592,mediterranean,LOW,0.0286,0,0.4382608695652175,0.8999999999999998,0.34521739130434786,0.6381258695652174,0.0,1.0
R10,2024,2,36.8,53.1,59.0,0.3304,8.44,0.356,92.9,22.9,Matrouh,0.8685,0.3592,mediterranean,MEDIUM,0.4375,1,0.5382608695652173,0.8166666666666664,0.8078260869565218,0.5115308695652174,0.49999999999999994,0.8660254037844387
R10,2024,3,38.6,36.3,70.0,0.3464,7.64,0.5898,62.9,23.7,Matrouh,0.8685,0.3592,mediterranean,MEDIUM,0.5872,1,0.6843478260869565,0.9666666666666668,0.5469565217391305,0.4984178260869565,0.8660254037844386,0.5000000000000001
R10,2024,4,38.7,0.0,30.8,0.3674,8.51,0.4288,71.2,38.2,Matrouh,0.8685,0.3592,mediterranean,HIGH,0.602,2,1.0,0.9750000000000002,0.6191304347826088,0.46262000000000003,1.0,6.123233995736766e-17
R10,2024,5,36.1,0.0,38.5,0.2972,8.05,0.2538,66.2,7.9,Matrouh,0.8685,0.3592,mediterranean,MEDIUM,0.4203,1,1.0,0.7583333333333334,0.5756521739130435,0.42401,0.8660254037844387,-0.4999999999999998
R10,2024,6,34.4,4.5,24.9,0.4281,7.23,0.412,29.2,12.8,Matrouh,0.8685,0.3592,mediterranean,MEDIUM,0.4856,1,0.9608695652173913,0.6166666666666666,0.2539130434782609,0.5018745652173914,0.49999999999999994,-0.8660254037844387
R10,2024,7,34.2,37.5,36.6,0.2736,8.09,0.3005,38.5,0.0,Matrouh,0.8685,0.3592,mediterranean,MEDIUM,0.6212,1,0.6739130434782609,0.6000000000000002,0.3347826086956522,0.45994304347826087,1.2246467991473532e-16,-1.0
R10,2024,8,33.0,18.1,28.3,0.3993,7.17,0.3635,49.3,3.3,Matrouh,0.8685,0.3592,mediterranean,MEDIUM,0.3344,1,0.8426086956521739,0.5,0.42869565217391303,0.5037736956521739,-0.4999999999999997,-0.8660254037844388
R10,2024,9,32.2,43.8,30.9,0.3323,7.61,0.4679,57.4,27.6,Matrouh,0.8685,0.3592,mediterranean,LOW,0.1463,0,0.6191304347826088,0.43333333333333357,0.49913043478260866,0.5004454347826087,-0.8660254037844385,-0.5000000000000004
R10,2024,10,30.6,14.5,52.1,0.6293,7.78,0.5781,33.3,19.5,Matrouh,0.8685,0.3592,mediterranean,MEDIUM,0.368,1,0.8739130434782609,0.3000000000000001,0.2895652173913043,0.6255780434782608,-1.0,-1.8369701987210297e-16
R10,2024,11,33.5,48.1,78.2,0.5792,7.5,0.5492,24.0,25.0,Matrouh,0.8685,0.3592,mediterranean,LOW,0.1899,0,0.5817391304347825,0.5416666666666666,0.20869565217391303,0.6418491304347826,-0.8660254037844386,0.5000000000000001
R10,2024,12,30.4,58.3,67.0,0.5641,7.6,0.6728,42.5,15.3,Matrouh,0.8685,0.3592,mediterranean,LOW,0.2282,0,0.4930434782608696,0.2833333333333332,0.3695652173913043,0.6468484782608696,-0.5000000000000004,0.8660254037844384
R10,2025,1,35.2,50.6,71.1,0.6014,7.15,0.4848,53.2,23.2,Matrouh,0.8685,0.3592,mediterranean,LOW,0.2909,0,0.56,0.6833333333333336,0.46260869565217394,0.65732,0.0,1.0
R10,2025,2,40.5,65.7,67.3,0.551,7.54,0.6601,58.1,35.6,Matrouh,0.8685,0.3592,mediterranean,MEDIUM,0.5262,1,0.42869565217391303,1.0,0.5052173913043478,0.6492956521739132,0.49999999999999994,0.8660254037844387
R10,2025,3,42.3,24.5,67.7,0.4937,7.31,0.4338,53.2,40.8,Matrouh,0.8685,0.3592,mediterranean,MEDIUM,0.3061,1,0.7869565217391304,1.0,0.46260869565217394,0.5640415217391305,0.8660254037844386,0.5000000000000001
R10,2025,4,38.2,41.4,72.1,0.5009,8.13,0.4581,43.1,36.9,Matrouh,0.8685,0.3592,mediterranean,MEDIUM,0.5072,1,0.64,0.9333333333333336,0.37478260869565216,0.5900450000000002,1.0,6.123233995736766e-17
R10,2025,5,39.5,0.0,34.5,0.1147,7.69,0.3059,42.3,20.0,Matrouh,0.8685,0.3592,mediterranean,HIGH,0.8416,2,1.0,1.0,0.3678260869565217,0.323635,0.8660254037844387,-0.4999999999999998
R10,2025,6,41.7,23.3,35.2,0.306,7.56,0.4794,42.6,13.3,Matrouh,0.8685,0.3592,mediterranean,MEDIUM,0.4165,1,0.797391304347826,1.0,0.37043478260869567,0.4592413043478261,0.49999999999999994,-0.8660254037844387
R10,2025,7,38.5,24.9,42.2,0.1787,7.43,0.3074,54.5,25.1,Matrouh,0.8685,0.3592,mediterranean,MEDIUM,0.3187,1,0.7834782608695652,0.9583333333333334,0.47391304347826085,0.39131326086956525,1.2246467991473532e-16,-1.0
R10,2025,8,35.8,47.8,36.3,0.05,7.89,0.3531,54.9,8.8,Matrouh,0.8685,0.3592,mediterranean,MEDIUM,0.6485,1,0.5843478260869566,0.7333333333333331,0.47739130434782606,0.3503978260869565,-0.4999999999999997,-0.8660254037844388
R10,2025,9,33.9,30.4,34.0,0.499,7.01,0.5412,37.8,6.8,Matrouh,0.8685,0.3592,mediterranean,MEDIUM,0.6001,1,0.7356521739130435,0.5749999999999998,0.328695652173913,0.5746521739130435,-0.8660254037844385,-0.5000000000000004
R10,2025,10,35.6,48.2,58.0,0.5985,8.58,0.4947,22.1,6.8,Matrouh,0.8685,0.3592,mediterranean,LOW,0.0304,0,0.5808695652173913,0.7166666666666668,0.19217391304347828,0.6525945652173913,-1.0,-1.8369701987210297e-16
R10,2025,11,31.5,43.5,60.1,0.6949,7.21,0.6463,35.9,22.0,Matrouh,0.8685,0.3592,mediterranean,LOW,0.3486,0,0.6217391304347826,0.375,0.31217391304347825,0.6994841304347826,-0.8660254037844386,0.5000000000000001
R10,2025,12,37.3,63.3,50.2,0.5075,7.12,0.5175,21.3,23.6,Matrouh,0.8685,0.3592,mediterranean,LOW,0.2912,0,0.4495652173913044,0.8583333333333331,0.18521739130434783,0.6222402173913043,-0.5000000000000004,0.8660254037844384
